iter,id,x,y,h,w,cam_x,cam_y,cam_z,rxy,rxz
30,1,126,164,2,2,1.7147906079063474234,3.0742232681614269415,0.29634572283840944382,0.9918350828771751,0.09580197432395661
30,2,127,162,1,1,1.7147906079063474234,3.0742232681614269415,0.29634572283840944382,0.9913865470817529,0.07870978991174837
31,1,127,159,1,1,1.7147906079063474234,3.0742232681614269415,0.29634572283840944382,0.9909382744118597,0.061604953606194224
32,1,122,156,1,1,1.7147906079063474234,3.0742232681614269415,0.29634572283840944382,1.0058041170653171,0.04321721559972924
32,2,119,156,2,2,1.7147906079063474234,3.0742232681614269415,0.29634572283840944382,1.0121679496532214,0.048659597569656314
33,1,119,155,1,1,1.7147906079063474234,3.0742232681614269415,0.29634572283840944382,1.0149838190727658,0.0363859442265154
33,2,121,153,1,1,1.7147906079063474234,3.0742232681614269415,0.29634572283840944382,1.0084447528445417,0.02514377850987864
34,1,112,150,2,3,1.7147906079063474234,3.0742232681614269415,0.29634572283840944382,1.0333460052314052,0.009282107931548812
34,2,117,148,1,1,1.7147906079063474234,3.0742232681614269415,0.29634572283840944382,1.0201800072050746,-0.0069277271171885296
35,1,110,148,2,4,1.7147906079063474234,3.0742232681614269415,0.29634572283840944382,1.0362355211221974,-0.0038776368822043346
35,2,108,146,1,1,1.7147906079063474234,3.0742232681614269415,0.29634572283840944382,1.048694301231221,-0.02593770718437744
36,1,106,142,4,3,1.7147906079063474234,3.0742232681614269415,0.29634572283840944382,1.0516361445735722,-0.03979819767266614
37,1,104,142,3,4,1.7147906079063474234,3.0742232681614269415,0.29634572283840944382,1.0547493836578392,-0.04728567224768507
38,1,100,140,3,5,1.7147906079063474234,3.0742232681614269415,0.29634572283840944382,1.0676402730523449,-0.0648449315158795
39,1,99,140,4,5,1.7147906079063474234,3.0742232681614269415,0.29634572283840944382,1.0711386594304524,-0.059215132052344445
40,1,99,142,2,2,1.7147906079063474234,3.0742232681614269415,0.29634572283840944382,1.0746504581730338,-0.053486846520024715
40,2,102,140,2,1,1.7147906079063474234,3.0742232681614269415,0.29634572283840944382,1.0676402730523449,-0.0648449315158795
41,1,98,141,3,3,1.7147906079063474234,3.0742232681614269415,0.29634572283840944382,1.07784428475809,-0.061488188785933574
42,1,99,142,2,2,1.7147906079063474234,3.0742232681614269415,0.29634572283840944382,1.0746504581730338,-0.053486846520024715
42,2,96,140,1,2,1.7147906079063474234,3.0742232681614269415,0.29634572283840944382,1.084264919227749,-0.07783939536016893
42,3,99,139,1,1,1.7147906079063474234,3.0742232681614269415,0.29634572283840944382,1.0773474438616668,-0.08214697015087738
43,1,99,142,2,2,1.7147906079063474234,3.0742232681614269415,0.29634572283840944382,1.0746504581730338,-0.053486846520024715
43,2,96,140,3,2,1.7147906079063474234,3.0742232681614269415,0.29634572283840944382,1.0844317296452701,-0.07084358956244767
43,3,98,138,2,2,1.7147906079063474234,3.0742232681614269415,0.29634572283840944382,1.0773474438616668,-0.08214697015087738
44,1,99,141,3,1,1.7147906079063474234,3.0742232681614269415,0.29634572283840944382,1.07784428475809,-0.061488188785933574
44,2,96,140,2,2,1.7147906079063474234,3.0742232681614269415,0.29634572283840944382,1.0844317296452701,-0.07084358956244767
44,3,98,138,1,1,1.7147906079063474234,3.0742232681614269415,0.29634572283840944382,1.0805505596720553,-0.09038797096416883
44,4,96,138,1,1,1.7147906079063474234,3.0742232681614269415,0.29634572283840944382,1.0873243584677883,-0.09321599096079038
45,1,99,142,2,1,1.7147906079063474234,3.0742232681614269415,0.29634572283840944382,1.07800995735882,-0.054578382619191616
45,2,96,138,5,2,1.7147906079063474234,3.0742232681614269415,0.29634572283840944382,1.084264919227749,-0.07783939536016893
46,1,99,142,2,1,1.7147906079063474234,3.0742232681614269415,0.29634572283840944382,1.07800995735882,-0.054578382619191616
46,2,96,138,5,4,1.7147906079063474234,3.0742232681614269415,0.29634572283840944382,1.0808828958987013,-0.07654594391597005
47,1,96,138,6,5,1.7147906079063474234,3.0742232681614269415,0.29634572283840944382,1.0810491082026379,-0.06960522687042682
48,1,99,142,2,2,1.7147906079063474234,3.0742232681614269415,0.29634572283840944382,1.0746504581730338,-0.053486846520024715
48,2,96,140,3,2,1.7147906079063474234,3.0742232681614269415,0.29634572283840944382,1.0844317296452701,-0.07084358956244767
48,3,99,138,2,1,1.7147906079063474234,3.0742232681614269415,0.29634572283840944382,1.0773474438616668,-0.08214697015087738
49,1,98,142,2,3,1.7147906079063474234,3.0742232681614269415,0.29634572283840944382,1.07800995735882,-0.054578382619191616
49,2,96,140,1,2,1.7147906079063474234,3.0742232681614269415,0.29634572283840944382,1.084264919227749,-0.07783939536016893
49,3,98,138,1,1,1.7147906079063474234,3.0742232681614269415,0.29634572283840944382,1.0805505596720553,-0.09038797096416883
50,1,98,142,2,4,1.7147906079063474234,3.0742232681614269415,0.29634572283840944382,1.0746504581730338,-0.053486846520024715
50,2,96,141,1,1,1.7147906079063474234,3.0742232681614269415,0.29634572283840944382,1.0878264940110658,-0.07210220839309193
51,1,98,142,2,3,1.7147906079063474234,3.0742232681614269415,0.29634572283840944382,1.07800995735882,-0.054578382619191616
51,2,96,140,2,1,1.7147906079063474234,3.0742232681614269415,0.29634572283840944382,1.0878264940110658,-0.07210220839309193
52,1,98,142,2,4,1.7147906079063474234,3.0742232681614269415,0.29634572283840944382,1.0746504581730338,-0.053486846520024715
52,2,99,138,2,1,1.7147906079063474234,3.0742232681614269415,0.29634572283840944382,1.0773474438616668,-0.08214697015087738
53,1,98,142,2,4,1.7147906079063474234,3.0742232681614269415,0.29634572283840944382,1.0746504581730338,-0.053486846520024715
53,2,96,141,1,1,1.7147906079063474234,3.0742232681614269415,0.29634572283840944382,1.0878264940110658,-0.07210220839309193
54,1,98,142,2,4,1.7147906079063474234,3.0742232681614269415,0.29634572283840944382,1.0746504581730338,-0.053486846520024715
54,2,96,140,2,1,1.7147906079063474234,3.0742232681614269415,0.29634572283840944382,1.0878264940110658,-0.07210220839309193
54,3,99,139,1,1,1.7147906079063474234,3.0742232681614269415,0.29634572283840944382,1.0773474438616668,-0.08214697015087738
55,1,98,141,3,3,1.7147906079063474234,3.0742232681614269415,0.29634572283840944382,1.07784428475809,-0.061488188785933574
55,2,96,140,1,1,1.7147906079063474234,3.0742232681614269415,0.29634572283840944382,1.0876590860967241,-0.07915396086023037
55,3,99,139,1,1,1.7147906079063474234,3.0742232681614269415,0.29634572283840944382,1.0773474438616668,-0.08214697015087738
56,1,98,142,2,3,1.7147906079063474234,3.0742232681614269415,0.29634572283840944382,1.07800995735882,-0.054578382619191616
56,2,96,140,2,1,1.7147906079063474234,3.0742232681614269415,0.29634572283840944382,1.0878264940110658,-0.07210220839309193
57,1,99,142,2,2,1.7147906079063474234,3.0742232681614269415,0.29634572283840944382,1.0746504581730338,-0.053486846520024715
58,1,99,141,3,2,1.7147906079063474234,3.0742232681614269415,0.29634572283840944382,1.0744853846966635,-0.060342638180157775
58,2,96,140,2,1,1.7147906079063474234,3.0742232681614269415,0.29634572283840944382,1.0878264940110658,-0.07210220839309193
59,1,99,141,3,2,1.7147906079063474234,3.0742232681614269415,0.29634572283840944382,1.0744853846966635,-0.060342638180157775
59,2,96,140,2,1,1.7147906079063474234,3.0742232681614269415,0.29634572283840944382,1.0878264940110658,-0.07210220839309193
59,3,99,138,1,1,1.7147906079063474234,3.0742232681614269415,0.29634572283840944382,1.0771818892021499,-0.08900761785604908
60,1,99,141,3,2,1.7147906079063474234,3.0742232681614269415,0.29634572283840944382,1.0744853846966635,-0.060342638180157775
60,2,96,140,1,1,1.7147906079063474234,3.0742232681614269415,0.29634572283840944382,1.0876590860967241,-0.07915396086023037
60,3,99,138,1,1,1.7147906079063474234,3.0742232681614269415,0.29634572283840944382,1.0771818892021499,-0.08900761785604908
61,1,99,141,3,2,1.7147906079063474234,3.0742232681614269415,0.29634572283840944382,1.0744853846966635,-0.060342638180157775
61,2,99,138,1,1,1.7147906079063474234,3.0742232681614269415,0.29634572283840944382,1.0771818892021499,-0.08900761785604908
62,1,96,140,4,5,1.7147906079063474234,3.0742232681614269415,0.29634572283840944382,1.0812153499651835,-0.06265221745635628
62,2,97,138,1,1,1.7147906079063474234,3.0742232681614269415,0.29634572283840944382,1.0839313866875722,-0.09179058295741023
63,1,99,141,3,2,1.7147906079063474234,3.0742232681614269415,0.29634572283840944382,1.0744853846966635,-0.060342638180157775
63,2,96,140,2,2,1.7147906079063474234,3.0742232681614269415,0.29634572283840944382,1.0844317296452701,-0.07084358956244767
63,3,99,139,1,1,1.7147906079063474234,3.0742232681614269415,0.29634572283840944382,1.0773474438616668,-0.08214697015087738
63,4,97,138,1,1,1.7147906079063474234,3.0742232681614269415,0.29634572283840944382,1.0839313866875722,-0.09179058295741023
64,1,98,141,3,3,1.7147906079063474234,3.0742232681614269415,0.29634572283840944382,1.07784428475809,-0.061488188785933574
64,2,96,140,1,2,1.7147906079063474234,3.0742232681614269415,0.29634572283840944382,1.084264919227749,-0.07783939536016893
64,3,99,139,1,1,1.7147906079063474234,3.0742232681614269415,0.29634572283840944382,1.0773474438616668,-0.08214697015087738
65,1,98,141,3,3,1.7147906079063474234,3.0742232681614269415,0.29634572283840944382,1.07784428475809,-0.061488188785933574
65,2,97,140,1,1,1.7147906079063474234,3.0742232681614269415,0.29634572283840944382,1.084264919227749,-0.07783939536016893
65,3,99,139,1,1,1.7147906079063474234,3.0742232681614269415,0.29634572283840944382,1.0773474438616668,-0.08214697015087738
66,1,96,140,4,5,1.7147906079063474234,3.0742232681614269415,0.29634572283840944382,1.0812153499651835,-0.06265221745635628
66,2,98,138,2,2,1.7147906079063474234,3.0742232681614269415,0.29634572283840944382,1.0773474438616668,-0.08214697015087738
67,1,96,140,4,5,1.7147906079063474234,3.0742232681614269415,0.29634572283840944382,1.0812153499651835,-0.06265221745635628
67,2,99,139,1,1,1.7147906079063474234,3.0742232681614269415,0.29634572283840944382,1.0773474438616668,-0.08214697015087738
68,1,96,142,2,5,1.7147906079063474234,3.0742232681614269415,0.29634572283840944382,1.0813816211849792,-0.05568755699085624
68,2,96,140,1,2,1.7147906079063474234,3.0742232681614269415,0.29634572283840944382,1.084264919227749,-0.07783939536016893
68,3,98,138,2,2,1.7147906079063474234,3.0742232681614269415,0.29634572283840944382,1.0773474438616668,-0.08214697015087738
69,1,96,140,4,5,1.7147906079063474234,3.0742232681614269415,0.29634572283840944382,1.0812153499651835,-0.06265221745635628
69,2,99,139,1,1,1.7147906079063474234,3.0742232681614269415,0.29634572283840944382,1.0773474438616668,-0.08214697015087738
70,1,98,142,2,3,1.7147906079063474234,3.0742232681614269415,0.29634572283840944382,1.07800995735882,-0.054578382619191616
70,2,96,142,1,1,1.7147906079063474234,3.0742232681614269415,0.29634572283840944382,1.08799393132314,-0.06503751340056602
70,3,100,140,1,1,1.7147906079063474234,3.0742232681614269415,0.29634572283840944382,1.0741553262656027,-0.07402039710856319
70,4,96,140,1,2,1.7147906079063474234,3.0742232681614269415,0.29634572283840944382,1.084264919227749,-0.07783939536016893
71,1,98,142,2,2,1.7147906079063474234,3.0742232681614269415,0.29634572283840944382,1.07800995735882,-0.054578382619191616
72,1,100,145,1,2,1.7147906079063474234,3.0742232681614269415,0.29634572283840944382,1.0716321697217313,-0.0387773819325693
72,2,98,144,1,1,1.7147906079063474234,3.0742232681614269415,0.29634572283840944382,1.0815479218606594,-0.04871189346248324
72,3,101,142,2,1,1.7147906079063474234,3.0742232681614269415,0.29634572283840944382,1.0713031333347067,-0.05241253382229143
73,1,100,147,1,2,1.7147906079063474234,3.0742232681614269415,0.29634572283840944382,1.071961324207049,-0.025106388071983794
73,2,102,144,2,2,1.7147906079063474234,3.0742232681614269415,0.29634572283840944382,1.0649716757010983,-0.03688829711672294
74,1,107,153,1,1,1.7147906079063474234,3.0742232681614269415,0.29634572283840944382,1.0530855743651948,0.019083609174729933
74,2,104,153,1,2,1.7147906079063474234,3.0742232681614269415,0.29634572283840944382,1.0596580808271854,0.01811063883715455
74,3,104,150,2,3,1.7147906079063474234,3.0742232681614269415,0.29634572283840944382,1.0593333742810767,0.00478619521436971
75,1,106,156,4,4,1.7147906079063474234,3.0742232681614269415,0.29634572283840944382,1.0506209035547187,0.052163165347017856
76,1,110,165,1,1,1.7147906079063474234,3.0742232681614269415,0.29634572283840944382,1.045233049457433,0.09757262356204247
76,2,107,161,3,5,1.7147906079063474234,3.0742232681614269415,0.29634572283840944382,1.0480029123602141,0.0782843423083424
76,3,113,160,1,1,1.7147906079063474234,3.0742232681614269415,0.29634572283840944382,1.034764841413373,0.06581954510330859
77,1,109,163,4,5,1.7147906079063474234,3.0742232681614269415,0.29634572283840944382,1.0419945297799742,0.09745611981865894
77,2,113,162,1,1,1.7147906079063474234,3.0742232681614269415,0.29634572283840944382,1.0350804636848896,0.07838855699413375
78,1,110,165,3,1,1.7147906079063474234,3.0742232681614269415,0.29634572283840944382,1.0453927968476178,0.10398720121834215
78,2,112,164,4,4,1.7147906079063474234,3.0742232681614269415,0.29634572283840944382,1.0325095659751227,0.10334552330475891
79,1,110,164,4,6,1.7147906079063474234,3.0742232681614269415,0.29634572283840944382,1.0357120631744199,0.1035024303502245
79,2,111,162,1,1,1.7147906079063474234,3.0742232681614269415,0.29634572283840944382,1.0415172686004166,0.078337222369877
80,1,110,161,3,5,1.7147906079063474234,3.0742232681614269415,0.29634572283840944382,1.0382927623043008,0.07836307859621296
81,1,108,156,4,5,1.7147906079063474234,3.0742232681614269415,0.29634572283840944382,1.0441156463931998,0.05260672741088255
82,1,111,151,1,1,1.7147906079063474234,3.0742232681614269415,0.29634572283840944382,1.0397695894837884,0.008207947028350097
82,2,109,148,1,1,1.7147906079063474234,3.0742232681614269415,0.29634572283840944382,1.0457623830377187,-0.012254490653238411
83,1,110,148,1,1,1.7147906079063474234,3.0742232681614269415,0.29634572283840944382,1.0425218718424452,-0.011554048946528773
83,2,107,146,2,2,1.7147906079063474234,3.0742232681614269415,0.29634572283840944382,1.0488546886507688,-0.0194548219971803
84,1,107,146,2,5,1.7147906079063474234,3.0742232681614269415,0.29634572283840944382,1.0456025671973042,-0.018695682457945596
85,1,108,147,5,4,1.7147906079063474234,3.0742232681614269415,0.29634572283840944382,1.0426811161250387,-0.005154675057793873
86,1,110,157,1,2,1.7147906079063474234,3.0742232681614269415,0.29634572283840944382,1.0407224251394738,0.04644473153691352
86,2,108,157,1,1,1.7147906079063474234,3.0742232681614269415,0.29634572283840944382,1.0504601905887334,0.0456392881520332
86,3,108,154,1,1,1.7147906079063474234,3.0742232681614269415,0.29634572283840944382,1.0499782292589552,0.02607571363226975
86,4,110,153,2,2,1.7147906079063474234,3.0742232681614269415,0.29634572283840944382,1.0402458741558709,0.027315460466300668
86,5,109,152,1,1,1.7147906079063474234,3.0742232681614269415,0.29634572283840944382,1.0464019423562039,0.013562645409923071
87,1,110,159,1,2,1.7147906079063474234,3.0742232681614269415,0.29634572283840944382,1.0410402737494264,0.059202766642224264
87,2,108,159,1,1,1.7147906079063474234,3.0742232681614269415,0.29634572283840944382,1.0507816461151929,0.05868746054011051
87,3,108,156,2,4,1.7147906079063474234,3.0742232681614269415,0.29634572283840944382,1.0439561357638898,0.046180259680096064
88,1,108,157,1,4,1.7147906079063474234,3.0742232681614269415,0.29634572283840944382,1.0439561357638898,0.046180259680096064
89,1,109,152,3,3,1.7147906079063474234,3.0742232681614269415,0.29634572283840944382,1.043318389191728,0.020488684126720558
90,1,110,147,1,2,1.7147906079063474234,3.0742232681614269415,0.29634572283840944382,1.0391349575040827,-0.017210921434085872
90,2,110,145,1,1,1.7147906079063474234,3.0742232681614269415,0.29634572283840944382,1.042044316553713,-0.03071636707509556
90,3,108,144,1,1,1.7147906079063474234,3.0742232681614269415,0.29634572283840944382,1.0483736151790184,-0.038881988631587115
91,1,110,143,1,2,1.7147906079063474234,3.0742232681614269415,0.29634572283840944382,1.0385007989355726,-0.04253400281142853
91,2,106,142,1,1,1.7147906079063474234,3.0742232681614269415,0.29634572283840944382,1.0545879123695159,-0.05383400108184996
91,3,108,141,1,1,1.7147906079063474234,3.0742232681614269415,0.29634572283840944382,1.047892808068661,-0.05823678186318323
92,1,108,140,2,3,1.7147906079063474234,3.0742232681614269415,0.29634572283840944382,1.0446442936595135,-0.057192502898798514
92,2,110,139,1,1,1.7147906079063474234,3.0742232681614269415,0.29634572283840944382,1.0410900049746759,-0.06883423780744996
92,3,108,136,2,2,1.7147906079063474234,3.0742232681614269415,0.29634572283840944382,1.0440060365374784,-0.08267643234837473
93,1,110,141,1,1,1.7147906079063474234,3.0742232681614269415,0.29634572283840944382,1.0414079904661206,-0.05616357963530342
94,1,112,149,1,2,1.7147906079063474234,3.0742232681614269415,0.29634572283840944382,1.0330310336210728,-0.0032530397222612956
94,2,111,147,1,1,1.7147906079063474234,3.0742232681614269415,0.29634572283840944382,1.0391349575040827,-0.017210921434085872
94,3,110,145,1,1,1.7147906079063474234,3.0742232681614269415,0.29634572283840944382,1.042044316553713,-0.03071636707509556
95,1,110,148,3,3,1.7147906079063474234,3.0742232681614269415,0.29634572283840944382,1.0394522143163425,-0.0045114470487104584
96,1,112,154,2,3,1.7147906079063474234,3.0742232681614269415,0.29634572283840944382,1.0339763033355855,0.034393613780147485
96,2,112,151,1,1,1.7147906079063474234,3.0742232681614269415,0.29634572283840944382,1.036551694345374,0.00874896620661463
97,1,114,154,1,1,1.7147906079063474234,3.0742232681614269415,0.29634572283840944382,1.0306233956872508,0.028501343104631215
98,1,112,151,3,5,1.7147906079063474234,3.0742232681614269415,0.29634572283840944382,1.0303094478903017,0.01603578295794966
99,1,116,149,1,2,1.7147906079063474234,3.0742232681614269415,0.29634572283840944382,1.0203350481212772,-0.0008428860085751849
99,2,113,148,2,1,1.7147906079063474234,3.0742232681614269415,0.29634572283840944382,1.0330310336210728,-0.0032530397222612956
100,1,117,141,3,1,1.7147906079063474234,3.0742232681614269415,0.29634572283840944382,1.0192503813923997,-0.04332175449589037
100,2,114,141,3,2,1.7147906079063474234,3.0742232681614269415,0.29634572283840944382,1.0255655956317595,-0.04511084504952008
101,1,115,139,3,5,1.7147906079063474234,3.0742232681614269415,0.29634572283840944382,1.0189407421680015,-0.05539880531157514
102,1,116,143,1,1,1.7147906079063474234,3.0742232681614269415,0.29634572283840944382,1.0225573610028542,-0.038117986483976754
102,2,119,140,1,1,1.7147906079063474234,3.0742232681614269415,0.29634572283840944382,1.012676617773588,-0.05349473001380253
102,3,116,139,3,2,1.7147906079063474234,3.0742232681614269415,0.29634572283840944382,1.0189407421680015,-0.05539880531157514
102,4,114,139,2,2,1.7147906079063474234,3.0742232681614269415,0.29634572283840944382,1.0252535576570976,-0.057356867935913255
103,1,117,140,5,3,1.7147906079063474234,3.0742232681614269415,0.29634572283840944382,1.0161110390132742,-0.04244588854370385
104,1,118,150,2,2,1.7147906079063474234,3.0742232681614269415,0.29634572283840944382,1.0143679171132156,0.012324748292315668
105,1,123,150,1,1,1.7147906079063474234,3.0742232681614269415,0.29634572283840944382,1.0018076300884875,0.008369746303041771
105,2,118,150,4,6,1.7147906079063474234,3.0742232681614269415,0.29634572283840944382,1.0082919883866233,0.019212123221712875
106,1,120,142,2,4,1.7147906079063474234,3.0742232681614269415,0.29634572283840944382,1.0038270903394162,-0.03321400354429842
107,1,120,135,3,1,1.7147906079063474234,3.0742232681614269415,0.29634572283840944382,1.0089510497780156,-0.07613089595040247
107,2,118,134,4,1,1.7147906079063474234,3.0742232681614269415,0.29634572283840944382,1.0151860696019885,-0.07832902657275317
108,1,116,125,3,2,1.7147906079063474234,3.0742232681614269415,0.29634572283840944382,1.01677657140847,-0.13883542761423256
108,2,118,124,1,1,1.7147906079063474234,3.0742232681614269415,0.29634572283840944382,1.0133393139552607,-0.14897020447326803
108,3,116,123,1,1,1.7147906079063474234,3.0742232681614269415,0.29634572283840944382,1.0194537015050742,-0.15804929962862957
109,1,114,121,1,1,1.7147906079063474234,3.0742232681614269415,0.29634572283840944382,1.0254583748913988,-0.17327757590485923
109,2,116,120,4,2,1.7147906079063474234,3.0742232681614269415,0.29634572283840944382,1.0161592985915404,-0.16222644130127165
110,1,117,120,1,1,1.7147906079063474234,3.0742232681614269415,0.29634572283840944382,1.0158508390873022,-0.17383277551436527
110,2,114,120,4,3,1.7147906079063474234,3.0742232681614269415,0.29634572283840944382,1.0224505321825144,-0.165621741531981
111,1,116,124,2,1,1.7147906079063474234,3.0742232681614269415,0.29634572283840944382,1.0197635362220567,-0.1462778581655805
111,2,114,123,1,1,1.7147906079063474234,3.0742232681614269415,0.29634572283840944382,1.025770490431458,-0.1614150070881851
111,3,117,122,1,1,1.7147906079063474234,3.0742232681614269415,0.29634572283840944382,1.0161592985915404,-0.16222644130127165
111,4,115,120,2,1,1.7147906079063474234,3.0742232681614269415,0.29634572283840944382,1.0222950890710816,-0.17150709438747247
112,1,114,130,4,5,1.7147906079063474234,3.0742232681614269415,0.29634572283840944382,1.020848887278182,-0.10464494896999077
113,1,116,137,2,1,1.7147906079063474234,3.0742232681614269415,0.29634572283840944382,1.021780339238961,-0.06849830309218168
114,1,115,143,1,1,1.7147906079063474234,3.0742232681614269415,0.29634572283840944382,1.0257216589301477,-0.03897604832329017
114,2,117,141,1,1,1.7147906079063474234,3.0742232681614269415,0.29634572283840944382,1.0190955470284644,-0.04936417569736891
115,1,117,140,1,1,1.7147906079063474234,3.0742232681614269415,0.29634572283840944382,1.0189407421680015,-0.05539880531157514
115,2,114,140,1,2,1.7147906079063474234,3.0742232681614269415,0.29634572283840944382,1.0252535576570976,-0.057356867935913255
116,1,115,136,2,1,1.7147906079063474234,3.0742232681614269415,0.29634572283840944382,1.0247857222384413,-0.0756603620514493
116,2,112,134,4,2,1.7147906079063474234,3.0742232681614269415,0.29634572283840944382,1.0309866012547886,-0.08409906376659106
117,1,112,134,4,2,1.7147906079063474234,3.0742232681614269415,0.29634572283840944382,1.0309866012547886,-0.08409906376659106
118,1,112,137,3,2,1.7147906079063474234,3.0742232681614269415,0.29634572283840944382,1.031300804064661,-0.07175494970551159
119,1,113,139,1,1,1.7147906079063474234,3.0742232681614269415,0.29634572283840944382,1.0314579498185317,-0.06556781613065307
119,2,110,139,1,1,1.7147906079063474234,3.0742232681614269415,0.29634572283840944382,1.0410900049746759,-0.06883423780744996
120,1,110,147,1,2,1.7147906079063474234,3.0742232681614269415,0.29634572283840944382,1.0391349575040827,-0.017210921434085872
121,1,113,150,1,1,1.7147906079063474234,3.0742232681614269415,0.29634572283840944382,1.0331885046398517,0.0030124084091467614
121,2,114,148,1,2,1.7147906079063474234,3.0742232681614269415,0.29634572283840944382,1.0265024185639293,-0.008202226683982754
122,1,113,146,1,1,1.7147906079063474234,3.0742232681614269415,0.29634572283840944382,1.03255879799615,-0.022019016605876286
122,2,110,146,2,2,1.7147906079063474234,3.0742232681614269415,0.29634572283840944382,1.0391349575040827,-0.017210921434085872
123,1,109,143,1,1,1.7147906079063474234,3.0742232681614269415,0.29634572283840944382,1.0449635997907558,-0.04439230819667869
123,2,110,141,1,1,1.7147906079063474234,3.0742232681614269415,0.29634572283840944382,1.0414079904661206,-0.05616357963530342
124,1,108,137,1,4,1.7147906079063474234,3.0742232681614269415,0.29634572283840944382,1.0407721378491162,-0.08146438524150278
124,2,108,134,1,1,1.7147906079063474234,3.0742232681614269415,0.29634572283840944382,1.0467719606654864,-0.10303855934607223
125,1,110,137,1,2,1.7147906079063474234,3.0742232681614269415,0.29634572283840944382,1.0375504486845752,-0.08026990992771516
125,2,108,134,3,2,1.7147906079063474234,3.0742232681614269415,0.29634572283840944382,1.0436870855449525,-0.09535229916920573
126,1,111,137,5,3,1.7147906079063474234,3.0742232681614269415,0.29634572283840944382,1.0346564298415777,-0.06664089061819828
126,2,109,137,1,1,1.7147906079063474234,3.0742232681614269415,0.29634572283840944382,1.0440060365374784,-0.08267643234837473
127,1,110,142,3,4,1.7147906079063474234,3.0742232681614269415,0.29634572283840944382,1.0352877114004577,-0.041625112464505926
128,1,112,149,1,1,1.7147906079063474234,3.0742232681614269415,0.29634572283840944382,1.0362355211221974,-0.0038776368822043346
128,2,110,147,1,1,1.7147906079063474234,3.0742232681614269415,0.29634572283840944382,1.0423626571531466,-0.017947798153599242
129,1,110,149,1,1,1.7147906079063474234,3.0742232681614269415,0.29634572283840944382,1.0426811161250387,-0.005154675057793873
129,2,112,148,2,1,1.7147906079063474234,3.0742232681614269415,0.29634572283840944382,1.0362355211221974,-0.0038776368822043346
130,1,110,143,3,4,1.7147906079063474234,3.0742232681614269415,0.29634572283840944382,1.035445605736972,-0.03535051280677435
130,2,109,142,1,1,1.7147906079063474234,3.0742232681614269415,0.29634572283840944382,1.0448039319275344,-0.05079684120506932
131,1,108,139,2,2,1.7147906079063474234,3.0742232681614269415,0.29634572283840944382,1.0444846849865996,-0.06357878960289746
132,1,110,134,1,2,1.7147906079063474234,3.0742232681614269415,0.29634572283840944382,1.0370756729599453,-0.09899803003110644
132,2,108,132,1,1,1.7147906079063474234,3.0742232681614269415,0.29634572283840944382,1.0464519849130733,-0.11572882132909162
133,1,108,130,4,1,1.7147906079063474234,3.0742232681614269415,0.29634572283840944382,1.0464519849130733,-0.11572882132909162
134,1,110,135,1,1,1.7147906079063474234,3.0742232681614269415,0.29634572283840944382,1.040454389087562,-0.09405020689919179
134,2,108,132,2,1,1.7147906079063474234,3.0742232681614269415,0.29634572283840944382,1.046611957991361,-0.10939045478891331
134,3,110,130,2,1,1.7147906079063474234,3.0742232681614269415,0.29634572283840944382,1.039819246648483,-0.11907403305001052
135,1,111,135,3,3,1.7147906079063474234,3.0742232681614269415,0.29634572283840944382,1.0341832792361774,-0.08530284864079149
136,1,110,141,3,3,1.7147906079063474234,3.0742232681614269415,0.29634572283840944382,1.03834233326163,-0.04884607058032144
136,2,110,140,1,1,1.7147906079063474234,3.0742232681614269415,0.29634572283840944382,1.0412489829245488,-0.06250373105807071
137,1,114,142,1,1,1.7147906079063474234,3.0742232681614269415,0.29634572283840944382,1.0287414825444694,-0.04602460166540671
137,2,108,141,5,6,1.7147906079063474234,3.0742232681614269415,0.29634572283840944382,1.0385007989355726,-0.04253400281142853
138,1,112,144,2,2,1.7147906079063474234,3.0742232681614269415,0.29634572283840944382,1.032401445263206,-0.028262612001944947
138,2,108,142,2,3,1.7147906079063474234,3.0742232681614269415,0.29634572283840944382,1.0449635997907558,-0.04439230819667869
139,1,111,142,1,1,1.7147906079063474234,3.0742232681614269415,0.29634572283840944382,1.03834233326163,-0.04884607058032144
139,2,108,140,1,1,1.7147906079063474234,3.0742232681614269415,0.29634572283840944382,1.0477325982234758,-0.06466986543187203
140,1,106,134,2,3,1.7147906079063474234,3.0742232681614269415,0.29634572283840944382,1.050189111855505,-0.09801455053285367
141,1,106,132,2,3,1.7147906079063474234,3.0742232681614269415,0.29634572283840944382,1.0498678745689622,-0.1108227997588475
142,1,106,132,4,3,1.7147906079063474234,3.0742232681614269415,0.29634572283840944382,1.0500284784147693,-0.10442535675965174
142,2,106,133,3,3,1.7147906079063474234,3.0742232681614269415,0.29634572283840944382,1.0500284784147693,-0.10442535675965174
143,1,111,136,2,1,1.7147906079063474234,3.0742232681614269415,0.29634572283840944382,1.0375504486845752,-0.08026990992771516
143,2,106,134,5,3,1.7147906079063474234,3.0742232681614269415,0.29634572283840944382,1.050349774891058,-0.09159086772401716
144,1,109,141,1,1,1.7147906079063474234,3.0742232681614269415,0.29634572283840944382,1.0446442936595135,-0.057192502898798514
144,2,111,140,1,1,1.7147906079063474234,3.0742232681614269415,0.29634572283840944382,1.0380254906732937,-0.06144434209163905
145,1,108,143,3,2,1.7147906079063474234,3.0742232681614269415,0.29634572283840944382,1.0451232972492652,-0.037979411857450365
146,1,107,144,2,4,1.7147906079063474234,3.0742232681614269415,0.29634572283840944382,1.0452830243031437,-0.0315586642498821
146,2,111,142,2,1,1.7147906079063474234,3.0742232681614269415,0.29634572283840944382,1.0385007989355726,-0.04253400281142853
146,3,108,142,1,1,1.7147906079063474234,3.0742232681614269415,0.29634572283840944382,1.048053047509667,-0.05179409746438443
147,1,106,140,3,2,1.7147906079063474234,3.0742232681614269415,0.29634572283840944382,1.0511535339867737,-0.059296760537192295
148,1,109,135,1,1,1.7147906079063474234,3.0742232681614269415,0.29634572283840944382,1.0436870855449525,-0.09535229916920573
148,2,106,134,2,2,1.7147906079063474234,3.0742232681614269415,0.29634572283840944382,1.050189111855505,-0.09801455053285367
149,1,104,131,3,4,1.7147906079063474234,3.0742232681614269415,0.29634572283840944382,1.0529748269471944,-0.1187059443689877
150,1,109,133,1,1,1.7147906079063474234,3.0742232681614269415,0.29634572283840944382,1.0433682529301056,-0.10797899439199117
150,2,106,131,3,2,1.7147906079063474234,3.0742232681614269415,0.29634572283840944382,1.0497073003181883,-0.1172063992862642
151,1,110,135,1,1,1.7147906079063474234,3.0742232681614269415,0.29634572283840944382,1.040454389087562,-0.09405020689919179
151,2,106,133,4,3,1.7147906079063474234,3.0742232681614269415,0.29634572283840944382,1.050189111855505,-0.09801455053285367
152,1,106,142,2,1,1.7147906079063474234,3.0742232681614269415,0.29634572283840944382,1.0547493836578392,-0.04728567224768507
152,2,108,141,1,1,1.7147906079063474234,3.0742232681614269415,0.29634572283840944382,1.047892808068661,-0.05823678186318323
153,1,106,144,2,3,1.7147906079063474234,3.0742232681614269415,0.29634572283840944382,1.0517970739564755,-0.033281479090661224
153,2,108,142,1,1,1.7147906079063474234,3.0742232681614269415,0.29634572283840944382,1.048053047509667,-0.05179409746438443
154,1,110,148,2,1,1.7147906079063474234,3.0742232681614269415,0.29634572283840944382,1.0426811161250387,-0.005154675057793873
154,2,107,145,3,3,1.7147906079063474234,3.0742232681614269415,0.29634572283840944382,1.048694301231221,-0.02593770718437744
155,1,110,148,2,2,1.7147906079063474234,3.0742232681614269415,0.29634572283840944382,1.0394522143163425,-0.0045114470487104584
155,2,108,146,2,2,1.7147906079063474234,3.0742232681614269415,0.29634572283840944382,1.0456025671973042,-0.018695682457945596
156,1,109,143,1,1,1.7147906079063474234,3.0742232681614269415,0.29634572283840944382,1.0449635997907558,-0.04439230819667869
156,2,107,142,1,1,1.7147906079063474234,3.0742232681614269415,0.29634572283840944382,1.0513143745885578,-0.05280637087201926
157,1,107,140,2,2,1.7147906079063474234,3.0742232681614269415,0.29634572283840944382,1.047892808068661,-0.05823678186318323
158,1,111,137,1,1,1.7147906079063474234,3.0742232681614269415,0.29634572283840944382,1.0375504486845752,-0.08026990992771516
158,2,107,136,3,3,1.7147906079063474234,3.0742232681614269415,0.29634572283840944382,1.0472521462630489,-0.083906438225463
159,1,109,138,2,2,1.7147906079063474234,3.0742232681614269415,0.29634572283840944382,1.0410900049746759,-0.06883423780744996
159,2,106,136,2,3,1.7147906079063474234,3.0742232681614269415,0.29634572283840944382,1.0505104675213115,-0.08515480118562108
160,1,110,143,1,3,1.7147906079063474234,3.0742232681614269415,0.29634572283840944382,1.0385007989355726,-0.04253400281142853
160,2,108,141,1,3,1.7147906079063474234,3.0742232681614269415,0.29634572283840944382,1.0446442936595135,-0.057192502898798514
161,1,111,147,1,3,1.7147906079063474234,3.0742232681614269415,0.29634572283840944382,1.035919466225872,-0.016484811838230185
161,2,109,145,2,1,1.7147906079063474234,3.0742232681614269415,0.29634572283840944382,1.0454427809524671,-0.025130581280063166
162,1,109,150,4,4,1.7147906079063474234,3.0742232681614269415,0.29634572283840944382,1.039928321451419,0.014573841172645175
163,1,113,155,1,1,1.7147906079063474234,3.0742232681614269415,0.29634572283840944382,1.0339763033355855,0.034393613780147485
163,2,109,152,3,3,1.7147906079063474234,3.0742232681614269415,0.29634572283840944382,1.043318389191728,0.020488684126720558
164,1,109,157,1,2,1.7147906079063474234,3.0742232681614269415,0.29634572283840944382,1.0439561357638898,0.046180259680096064
164,2,114,155,1,1,1.7147906079063474234,3.0742232681614269415,0.29634572283840944382,1.0307804139307803,0.034737698088809575
165,1,110,157,1,2,1.7147906079063474234,3.0742232681614269415,0.29634572283840944382,1.0407224251394738,0.04644473153691352
165,2,108,157,1,1,1.7147906079063474234,3.0742232681614269415,0.29634572283840944382,1.0504601905887334,0.0456392881520332
165,3,111,155,1,1,1.7147906079063474234,3.0742232681614269415,0.29634572283840944382,1.0404046948932244,0.03369015545861685
165,4,108,155,1,1,1.7147906079063474234,3.0742232681614269415,0.29634572283840944382,1.0501388534407334,0.03259500799692179
165,5,111,153,1,1,1.7147906079063474234,3.0742232681614269415,0.29634572283840944382,1.0400870830086901,0.02094318377363949
166,1,109,150,2,1,1.7147906079063474234,3.0742232681614269415,0.29634572283840944382,1.046242008132968,0.0071015688017556896
167,1,109,149,2,3,1.7147906079063474234,3.0742232681614269415,0.29634572283840944382,1.0428403900010998,0.0012498061545858424
167,2,113,148,1,1,1.7147906079063474234,3.0742232681614269415,0.29634572283840944382,1.0328735921745482,-0.009513749413048497
167,3,110,147,1,2,1.7147906079063474234,3.0742232681614269415,0.29634572283840944382,1.0391349575040827,-0.017210921434085872
168,1,110,150,2,3,1.7147906079063474234,3.0742232681614269415,0.29634572283840944382,1.0397695894837884,0.008207947028350097
168,2,110,148,1,1,1.7147906079063474234,3.0742232681614269415,0.29634572283840944382,1.0425218718424452,-0.011554048946528773
169,1,111,152,1,1,1.7147906079063474234,3.0742232681614269415,0.29634572283840944382,1.039928321451419,0.014573841172645175
169,2,110,150,1,1,1.7147906079063474234,3.0742232681614269415,0.29634572283840944382,1.0428403900010998,0.0012498061545858424
170,1,110,158,2,4,1.7147906079063474234,3.0742232681614269415,0.29634572283840944382,1.037817570569492,0.05936947854428138
170,2,112,156,1,1,1.7147906079063474234,3.0742232681614269415,0.29634572283840944382,1.037342645104156,0.040374221935862306
170,3,112,154,1,1,1.7147906079063474234,3.0742232681614269415,0.29634572283840944382,1.037026176049991,0.02771656386048641
171,1,109,156,6,5,1.7147906079063474234,3.0742232681614269415,0.29634572283840944382,1.0410402737494264,0.059202766642224264
172,1,109,160,2,3,1.7147906079063474234,3.0742232681614269415,0.29634572283840944382,1.044594355850107,0.07188622095566673
172,2,114,158,1,1,1.7147906079063474234,3.0742232681614269415,0.29634572283840944382,1.0312516460488577,0.05345525144602988
172,3,112,158,2,1,1.7147906079063474234,3.0742232681614269415,0.29634572283840944382,1.037817570569492,0.05936947854428138
173,1,109,158,4,4,1.7147906079063474234,3.0742232681614269415,0.29634572283840944382,1.041199242441387,0.06558178383583854
173,2,113,156,1,1,1.7147906079063474234,3.0742232681614269415,0.29634572283840944382,1.0341339517986263,0.04067720255221746
174,1,112,155,1,1,1.7147906079063474234,3.0742232681614269415,0.29634572283840944382,1.0371843957850457,0.0340444703424648
175,1,115,152,2,1,1.7147906079063474234,3.0742232681614269415,0.29634572283840944382,1.027283916837471,0.022695867262476944
175,2,110,152,2,2,1.7147906079063474234,3.0742232681614269415,0.29634572283840944382,1.0400870830086901,0.02094318377363949
176,1,115,153,1,1,1.7147906079063474234,3.0742232681614269415,0.29634572283840944382,1.027283916837471,0.022695867262476944
177,1,113,155,1,1,1.7147906079063474234,3.0742232681614269415,0.29634572283840944382,1.0339763033355855,0.034393613780147485
178,1,117,161,1,1,1.7147906079063474234,3.0742232681614269415,0.29634572283840944382,1.0221978412774322,0.07238140352617747
178,2,112,161,1,1,1.7147906079063474234,3.0742232681614269415,0.29634572283840944382,1.0381343354732897,0.07203290863965418
178,3,114,160,2,2,1.7147906079063474234,3.0742232681614269415,0.29634572283840944382,1.0285358506760431,0.07224501724930835
178,4,112,158,2,1,1.7147906079063474234,3.0742232681614269415,0.29634572283840944382,1.037817570569492,0.05936947854428138
178,5,113,156,1,1,1.7147906079063474234,3.0742232681614269415,0.29634572283840944382,1.0341339517986263,0.04067720255221746
179,1,117,163,1,1,1.7147906079063474234,3.0742232681614269415,0.29634572283840944382,1.022508720077507,0.08459070669423799
179,2,117,158,1,1,1.7147906079063474234,3.0742232681614269415,0.29634572283840944382,1.0217317444948966,0.05406002630445814
179,3,112,158,6,2,1.7147906079063474234,3.0742232681614269415,0.29634572283840944382,1.0349226377600673,0.07210464474245411
180,1,113,165,1,1,1.7147906079063474234,3.0742232681614269415,0.29634572283840944382,1.0355541189326194,0.09722821607803386
180,2,115,163,1,2,1.7147906079063474234,3.0742232681614269415,0.29634572283840944382,1.0256728303203622,0.08461029720674307
180,3,112,161,2,2,1.7147906079063474234,3.0742232681614269415,0.29634572283840944382,1.0350804636848896,0.07838855699413375
181,1,110,158,4,3,1.7147906079063474234,3.0742232681614269415,0.29634572283840944382,1.041199242441387,0.06558178383583854
181,2,113,156,1,1,1.7147906079063474234,3.0742232681614269415,0.29634572283840944382,1.0341339517986263,0.04067720255221746
184,1,113,148,1,2,1.7147906079063474234,3.0742232681614269415,0.29634572283840944382,1.029681907039494,-0.00885326032877551
184,2,117,147,1,1,1.7147906079063474234,3.0742232681614269415,0.29634572283840944382,1.0200249957992977,-0.013007826175930081
185,1,113,146,1,1,1.7147906079063474234,3.0742232681614269415,0.29634572283840944382,1.03255879799615,-0.022019016605876286
186,1,117,154,2,2,1.7147906079063474234,3.0742232681614269415,0.29634572283840944382,1.0181187808631256,0.03606557981961662
186,2,114,152,3,2,1.7147906079063474234,3.0742232681614269415,0.29634572283840944382,1.027283916837471,0.022695867262476944
186,3,118,150,2,2,1.7147906079063474234,3.0742232681614269415,0.29634572283840944382,1.0143679171132156,0.012324748292315668
186,4,116,150,1,1,1.7147906079063474234,3.0742232681614269415,0.29634572283840944382,1.0236464315351672,0.004699719609471886
187,1,114,157,1,4,1.7147906079063474234,3.0742232681614269415,0.29634572283840944382,1.0247369490779494,0.04771038864617353
188,1,111,156,4,2,1.7147906079063474234,3.0742232681614269415,0.29634572283840944382,1.0376592324960177,0.05303723346677171
189,1,112,161,1,1,1.7147906079063474234,3.0742232681614269415,0.29634572283840944382,1.0381343354732897,0.07203290863965418
189,2,114,160,2,2,1.7147906079063474234,3.0742232681614269415,0.29634572283840944382,1.0285358506760431,0.07224501724930835
189,3,112,158,2,1,1.7147906079063474234,3.0742232681614269415,0.29634572283840944382,1.037817570569492,0.05936947854428138
189,4,110,157,1,1,1.7147906079063474234,3.0742232681614269415,0.29634572283840944382,1.0439561357638898,0.046180259680096064
189,5,113,156,2,2,1.7147906079063474234,3.0742232681614269415,0.29634572283840944382,1.0310945391109851,0.04721513748641842
190,1,111,157,1,1,1.7147906079063474234,3.0742232681614269415,0.29634572283840944382,1.0407224251394738,0.04644473153691352
190,2,109,157,1,1,1.7147906079063474234,3.0742232681614269415,0.29634572283840944382,1.0472020574098833,0.04591180869954932
190,3,114,156,2,1,1.7147906079063474234,3.0742232681614269415,0.29634572283840944382,1.0310945391109851,0.04721513748641842
190,4,114,154,1,2,1.7147906079063474234,3.0742232681614269415,0.29634572283840944382,1.0274403051371725,0.02888526930832807
191,1,110,152,2,2,1.7147906079063474234,3.0742232681614269415,0.29634572283840944382,1.0400870830086901,0.02094318377363949
192,1,112,147,1,2,1.7147906079063474234,3.0742232681614269415,0.29634572283840944382,1.032716180299751,-0.015769235835612676
193,1,112,147,1,1,1.7147906079063474234,3.0742232681614269415,0.29634572283840944382,1.035919466225872,-0.016484811838230185
195,1,112,152,1,2,1.7147906079063474234,3.0742232681614269415,0.29634572283840944382,1.033503535396249,0.015555569797383718
195,2,117,151,1,1,1.7147906079063474234,3.0742232681614269415,0.29634572283840944382,1.0206452184888422,0.011339238333188834
196,1,115,156,1,1,1.7147906079063474234,3.0742232681614269415,0.29634572283840944382,1.027753170387406,0.041270082620884004
196,2,113,156,1,1,1.7147906079063474234,3.0742232681614269415,0.29634572283840944382,1.0341339517986263,0.04067720255221746
197,1,111,157,1,4,1.7147906079063474234,3.0742232681614269415,0.29634572283840944382,1.0342916298374474,0.046962086453084625
197,2,112,152,2,1,1.7147906079063474234,3.0742232681614269415,0.29634572283840944382,1.0368679858986163,0.02139100819034604
198,1,112,155,1,1,1.7147906079063474234,3.0742232681614269415,0.29634572283840944382,1.0371843957850457,0.0340444703424648
198,2,111,153,1,1,1.7147906079063474234,3.0742232681614269415,0.29634572283840944382,1.0400870830086901,0.02094318377363949
199,1,110,150,4,2,1.7147906079063474234,3.0742232681614269415,0.29634572283840944382,1.039928321451419,0.014573841172645175
200,1,113,144,1,1,1.7147906079063474234,3.0742232681614269415,0.29634572283840944382,1.0322441221003769,-0.034499545179684295
201,1,111,144,2,2,1.7147906079063474234,3.0742232681614269415,0.29634572283840944382,1.0356035296530917,-0.029068606378162797
202,1,112,149,1,1,1.7147906079063474234,3.0742232681614269415,0.29634572283840944382,1.0362355211221974,-0.0038776368822043346
204,1,114,157,1,1,1.7147906079063474234,3.0742232681614269415,0.29634572283840944382,1.0310945391109851,0.04721513748641842
204,2,112,152,2,1,1.7147906079063474234,3.0742232681614269415,0.29634572283840944382,1.0368679858986163,0.02139100819034604
205,1,115,157,2,1,1.7147906079063474234,3.0742232681614269415,0.29634572283840944382,1.0280661538435183,0.053659745945712746
205,2,110,156,4,3,1.7147906079063474234,3.0742232681614269415,0.29634572283840944382,1.0408813346488666,0.052823576155147406
205,3,112,154,1,1,1.7147906079063474234,3.0742232681614269415,0.29634572283840944382,1.037026176049991,0.02771656386048641
206,1,109,157,1,3,1.7147906079063474234,3.0742232681614269415,0.29634572283840944382,1.0439561357638898,0.046180259680096064
207,1,109,151,3,3,1.7147906079063474234,3.0742232681614269415,0.29634572283840944382,1.0431590265342865,0.014072008858862636
210,1,111,146,2,1,1.7147906079063474234,3.0742232681614269415,0.29634572283840944382,1.0391349575040827,-0.017210921434085872
211,1,111,151,1,1,1.7147906079063474234,3.0742232681614269415,0.29634572283840944382,1.0397695894837884,0.008207947028350097
211,2,109,150,1,1,1.7147906079063474234,3.0742232681614269415,0.29634572283840944382,1.0460821035055023,0.000644665119386821
212,1,113,156,2,1,1.7147906079063474234,3.0742232681614269415,0.29634572283840944382,1.0342916298374474,0.046962086453084625
212,2,108,156,2,4,1.7147906079063474234,3.0742232681614269415,0.29634572283840944382,1.0439561357638898,0.046180259680096064
213,1,108,157,3,4,1.7147906079063474234,3.0742232681614269415,0.29634572283840944382,1.0441156463931998,0.05260672741088255
213,2,111,155,1,1,1.7147906079063474234,3.0742232681614269415,0.29634572283840944382,1.0404046948932244,0.03369015545861685
214,1,109,152,2,3,1.7147906079063474234,3.0742232681614269415,0.29634572283840944382,1.043318389191728,0.020488684126720558
214,2,110,150,1,1,1.7147906079063474234,3.0742232681614269415,0.29634572283840944382,1.0428403900010998,0.0012498061545858424
215,1,111,150,1,1,1.7147906079063474234,3.0742232681614269415,0.29634572283840944382,1.039610887105523,0.0018460140311689563
215,2,111,147,1,1,1.7147906079063474234,3.0742232681614269415,0.29634572283840944382,1.0391349575040827,-0.017210921434085872
216,1,111,144,1,1,1.7147906079063474234,3.0742232681614269415,0.29634572283840944382,1.0386592941964705,-0.036213961573603924
216,2,110,142,1,1,1.7147906079063474234,3.0742232681614269415,0.29634572283840944382,1.0415670275996116,-0.04981427232403855
217,1,112,143,1,1,1.7147906079063474234,3.0742232681614269415,0.29634572283840944382,1.0352877114004577,-0.041625112464505926
217,2,110,142,2,1,1.7147906079063474234,3.0742232681614269415,0.29634572283840944382,1.0417260943252364,-0.04345630227430786
218,1,115,147,1,1,1.7147906079063474234,3.0742232681614269415,0.29634572283840944382,1.0263462075490204,-0.014368783669950385
218,2,112,147,1,1,1.7147906079063474234,3.0742232681614269415,0.29634572283840944382,1.035919466225872,-0.016484811838230185
219,1,112,150,1,3,1.7147906079063474234,3.0742232681614269415,0.29634572283840944382,1.0331885046398517,0.0030124084091467614
219,2,112,146,2,2,1.7147906079063474234,3.0742232681614269415,0.29634572283840944382,1.032716180299751,-0.015769235835612676
220,1,115,155,1,1,1.7147906079063474234,3.0742232681614269415,0.29634572283840944382,1.027596722986911,0.03507683235882519
220,2,112,155,1,1,1.7147906079063474234,3.0742232681614269415,0.29634572283840944382,1.0371843957850457,0.0340444703424648
221,1,111,157,1,1,1.7147906079063474234,3.0742232681614269415,0.29634572283840944382,1.0407224251394738,0.04644473153691352
221,2,113,156,1,1,1.7147906079063474234,3.0742232681614269415,0.29634572283840944382,1.0341339517986263,0.04067720255221746
221,3,115,155,1,1,1.7147906079063474234,3.0742232681614269415,0.29634572283840944382,1.027596722986911,0.03507683235882519
221,4,113,152,1,1,1.7147906079063474234,3.0742232681614269415,0.29634572283840944382,1.033503535396249,0.015555569797383718
222,1,114,152,2,2,1.7147906079063474234,3.0742232681614269415,0.29634572283840944382,1.027283916837471,0.022695867262476944
222,2,111,152,1,1,1.7147906079063474234,3.0742232681614269415,0.29634572283840944382,1.039928321451419,0.014573841172645175
222,3,111,150,1,1,1.7147906079063474234,3.0742232681614269415,0.29634572283840944382,1.039610887105523,0.0018460140311689563
223,1,112,146,1,1,1.7147906079063474234,3.0742232681614269415,0.29634572283840944382,1.0357614831492488,-0.022779877033665328
224,1,114,141,1,1,1.7147906079063474234,3.0742232681614269415,0.29634572283840944382,1.0285848485780194,-0.0521949030794968
225,1,114,139,1,1,1.7147906079063474234,3.0742232681614269415,0.29634572283840944382,1.0282716693099567,-0.06451002944522319
226,1,116,140,2,2,1.7147906079063474234,3.0742232681614269415,0.29634572283840944382,1.0190955470284644,-0.04936417569736891
226,2,117,138,1,1,1.7147906079063474234,3.0742232681614269415,0.29634572283840944382,1.0186312209534296,-0.06744299899100188
227,1,117,140,4,3,1.7147906079063474234,3.0742232681614269415,0.29634572283840944382,1.0161110390132742,-0.04244588854370385
228,1,119,149,1,1,1.7147906079063474234,3.0742232681614269415,0.29634572283840944382,1.014060142958303,0.00031182526370344027
228,2,116,149,1,1,1.7147906079063474234,3.0742232681614269415,0.29634572283840944382,1.0234907614449267,-0.0014325649235432
228,3,118,147,1,2,1.7147906079063474234,3.0742232681614269415,0.29634572283840944382,1.0137524866741119,-0.011684720713354137
228,4,115,144,4,5,1.7147906079063474234,3.0742232681614269415,0.29634572283840944382,1.0198700139029688,-0.01908273975080834
229,1,118,147,3,2,1.7147906079063474234,3.0742232681614269415,0.29634572283840944382,1.0139063000829585,-0.0056887088046641094
229,2,114,146,3,2,1.7147906079063474234,3.0742232681614269415,0.29634572283840944382,1.0263462075490204,-0.014368783669950385
230,1,114,148,1,4,1.7147906079063474234,3.0742232681614269415,0.29634572283840944382,1.023335120884676,-0.007560447418444037
230,2,117,145,1,1,1.7147906079063474234,3.0742232681614269415,0.29634572283840944382,1.0197150615151052,-0.025152026694606016
230,3,113,144,3,3,1.7147906079063474234,3.0742232681614269415,0.29634572283840944382,1.0292115617816324,-0.027468200313063598
231,1,117,144,1,1,1.7147906079063474234,3.0742232681614269415,0.29634572283840944382,1.019560138634719,-0.03121524833478583
231,2,112,142,4,4,1.7147906079063474234,3.0742232681614269415,0.29634572283840944382,1.0290548391456045,-0.03366079121834006
232,1,116,138,1,2,1.7147906079063474234,3.0742232681614269415,0.29634572283840944382,1.0186312209534296,-0.06744299899100188
232,2,114,138,1,1,1.7147906079063474234,3.0742232681614269415,0.29634572283840944382,1.0281151240069688,-0.0706539582490838
233,1,116,138,2,2,1.7147906079063474234,3.0742232681614269415,0.29634572283840944382,1.0187859668099966,-0.06142521975696695
233,2,117,136,1,1,1.7147906079063474234,3.0742232681614269415,0.29634572283840944382,1.0183218177405056,-0.07945099033738229
234,1,116,140,2,2,1.7147906079063474234,3.0742232681614269415,0.29634572283840944382,1.0190955470284644,-0.04936417569736891
234,2,120,138,3,2,1.7147906079063474234,3.0742232681614269415,0.29634572283840944382,1.0063087271157596,-0.0575076134021996
235,1,116,143,2,1,1.7147906079063474234,3.0742232681614269415,0.29634572283840944382,1.0227128539262174,-0.03201889190556646
235,2,120,142,2,2,1.7147906079063474234,3.0742232681614269415,0.29634572283840944382,1.006918431983187,-0.03400342667299983
235,3,118,140,1,2,1.7147906079063474234,3.0742232681614269415,0.29634572283840944382,1.012676617773588,-0.05349473001380253
236,1,116,146,4,6,1.7147906079063474234,3.0742232681614269415,0.29634572283840944382,1.0139063000829585,-0.0056887088046641094
236,2,117,147,3,3,1.7147906079063474234,3.0742232681614269415,0.29634572283840944382,1.0170370698103548,-0.0063038758142732534
237,1,118,151,1,1,1.7147906079063474234,3.0742232681614269415,0.29634572283840944382,1.0175004833028916,0.011835455419149692
237,2,120,150,2,2,1.7147906079063474234,3.0742232681614269415,0.29634572283840944382,1.0081392533483433,0.013283132245888878
237,3,120,148,1,1,1.7147906079063474234,3.0742232681614269415,0.29634572283840944382,1.0107876885178169,-0.005082046463835487
237,4,116,148,3,1,1.7147906079063474234,3.0742232681614269415,0.29634572283840944382,1.0234907614449267,-0.0014325649235432
238,1,115,148,2,2,1.7147906079063474234,3.0742232681614269415,0.29634572283840944382,1.0234907614449267,-0.0014325649235432
238,2,118,147,2,2,1.7147906079063474234,3.0742232681614269415,0.29634572283840944382,1.0139063000829585,-0.0056887088046641094
238,3,117,144,1,1,1.7147906079063474234,3.0742232681614269415,0.29634572283840944382,1.019560138634719,-0.03121524833478583
239,1,115,145,1,1,1.7147906079063474234,3.0742232681614269415,0.29634572283840944382,1.0260338741529675,-0.02668512439752398
239,2,112,142,1,1,1.7147906079063474234,3.0742232681614269415,0.29634572283840944382,1.0351298466431087,-0.04789192492231694
239,3,114,141,3,2,1.7147906079063474234,3.0742232681614269415,0.29634572283840944382,1.0255655956317595,-0.04511084504952008
240,1,115,136,2,1,1.7147906079063474234,3.0742232681614269415,0.29634572283840944382,1.0247857222384413,-0.0756603620514493
240,2,112,136,4,2,1.7147906079063474234,3.0742232681614269415,0.29634572283840944382,1.031300804064661,-0.07175494970551159
241,1,111,135,5,3,1.7147906079063474234,3.0742232681614269415,0.29634572283840944382,1.0343409665280758,-0.07909263036895937
241,2,111,135,3,3,1.7147906079063474234,3.0742232681614269415,0.29634572283840944382,1.0341832792361774,-0.08530284864079149
242,1,112,142,1,1,1.7147906079063474234,3.0742232681614269415,0.29634572283840944382,1.0351298466431087,-0.04789192492231694
242,2,113,139,2,1,1.7147906079063474234,3.0742232681614269415,0.29634572283840944382,1.031615125139138,-0.059371231331648046
243,1,114,142,2,2,1.7147906079063474234,3.0742232681614269415,0.29634572283840944382,1.0257216589301477,-0.03897604832329017
244,1,112,147,1,2,1.7147906079063474234,3.0742232681614269415,0.29634572283840944382,1.032716180299751,-0.015769235835612676
244,2,115,144,2,1,1.7147906079063474234,3.0742232681614269415,0.29634572283840944382,1.0260338741529675,-0.02668512439752398
245,1,110,147,2,3,1.7147906079063474234,3.0742232681614269415,0.29634572283840944382,1.0392935711159597,-0.010863927604618047
245,2,112,144,1,1,1.7147906079063474234,3.0742232681614269415,0.29634572283840944382,1.035445605736972,-0.03535051280677435
246,1,110,145,3,4,1.7147906079063474234,3.0742232681614269415,0.29634572283840944382,1.0357614831492488,-0.022779877033665328
246,2,109,144,1,1,1.7147906079063474234,3.0742232681614269415,0.29634572283840944382,1.0451232972492652,-0.037979411857450365
247,1,108,142,1,2,1.7147906079063474234,3.0742232681614269415,0.29634572283840944382,1.0448039319275344,-0.05079684120506932
248,1,111,137,2,1,1.7147906079063474234,3.0742232681614269415,0.29634572283840944382,1.037708766428772,-0.07400493005911522
251,1,116,138,1,2,1.7147906079063474234,3.0742232681614269415,0.29634572283840944382,1.0186312209534296,-0.06744299899100188
251,2,114,138,1,1,1.7147906079063474234,3.0742232681614269415,0.29634572283840944382,1.0281151240069688,-0.0706539582490838
252,1,119,145,1,1,1.7147906079063474234,3.0742232681614269415,0.29634572283840944382,1.0134449482511496,-0.023661478129507894
252,2,117,144,1,1,1.7147906079063474234,3.0742232681614269415,0.29634572283840944382,1.019560138634719,-0.03121524833478583
252,3,114,144,4,4,1.7147906079063474234,3.0742232681614269415,0.29634572283840944382,1.0230239283506837,-0.019801188680814024
253,1,116,149,1,1,1.7147906079063474234,3.0742232681614269415,0.29634572283840944382,1.0234907614449267,-0.0014325649235432
253,2,113,148,2,2,1.7147906079063474234,3.0742232681614269415,0.29634572283840944382,1.02983874791088,-0.0026374566160864764
254,1,115,145,1,1,1.7147906079063474234,3.0742232681614269415,0.29634572283840944382,1.0260338741529675,-0.02668512439752398
254,2,111,144,1,1,1.7147906079063474234,3.0742232681614269415,0.29634572283840944382,1.0386592941964705,-0.036213961573603924
255,1,111,139,1,1,1.7147906079063474234,3.0742232681614269415,0.29634572283840944382,1.0378671137582278,-0.06772958421798987
257,1,112,134,2,2,1.7147906079063474234,3.0742232681614269415,0.29634572283840944382,1.0308295441976043,-0.09025515588464939
258,1,113,139,1,1,1.7147906079063474234,3.0742232681614269415,0.29634572283840944382,1.0314579498185317,-0.06556781613065307
259,1,115,142,2,1,1.7147906079063474234,3.0742232681614269415,0.29634572283840944382,1.0257216589301477,-0.03897604832329017
260,1,115,147,1,1,1.7147906079063474234,3.0742232681614269415,0.29634572283840944382,1.0263462075490204,-0.014368783669950385
260,2,112,144,1,1,1.7147906079063474234,3.0742232681614269415,0.29634572283840944382,1.035445605736972,-0.03535051280677435
262,1,111,142,2,2,1.7147906079063474234,3.0742232681614269415,0.29634572283840944382,1.0352877114004577,-0.041625112464505926
263,1,113,139,1,1,1.7147906079063474234,3.0742232681614269415,0.29634572283840944382,1.0314579498185317,-0.06556781613065307
266,1,114,137,1,1,1.7147906079063474234,3.0742232681614269415,0.29634572283840944382,1.027958608257083,-0.0767882067937383
266,2,117,135,2,1,1.7147906079063474234,3.0742232681614269415,0.29634572283840944382,1.0183218177405056,-0.07945099033738229
267,1,114,141,1,1,1.7147906079063474234,3.0742232681614269415,0.29634572283840944382,1.0285848485780194,-0.0521949030794968
267,2,116,140,2,2,1.7147906079063474234,3.0742232681614269415,0.29634572283840944382,1.0190955470284644,-0.04936417569736891
267,3,117,138,1,1,1.7147906079063474234,3.0742232681614269415,0.29634572283840944382,1.0186312209534296,-0.06744299899100188
268,1,115,147,1,1,1.7147906079063474234,3.0742232681614269415,0.29634572283840944382,1.0263462075490204,-0.014368783669950385
268,2,117,144,2,2,1.7147906079063474234,3.0742232681614269415,0.29634572283840944382,1.01657392172362,-0.02440154482958202
269,1,113,145,1,1,1.7147906079063474234,3.0742232681614269415,0.29634572283840944382,1.032401445263206,-0.028262612001944947
269,2,113,142,4,5,1.7147906079063474234,3.0742232681614269415,0.29634572283840944382,1.0258777517702902,-0.03283399100320722
270,1,113,137,2,3,1.7147906079063474234,3.0742232681614269415,0.29634572283840944382,1.0281151240069688,-0.0706539582490838
271,1,114,133,2,2,1.7147906079063474234,3.0742232681614269415,0.29634572283840944382,1.0243181526523735,-0.09387483873139242
272,1,114,133,1,1,1.7147906079063474234,3.0742232681614269415,0.29634572283840944382,1.0273328407744475,-0.10121971319867736
273,1,117,132,1,1,1.7147906079063474234,3.0742232681614269415,0.29634572283840944382,1.0177033652864662,-0.10334529929440404
273,2,115,132,2,1,1.7147906079063474234,3.0742232681614269415,0.29634572283840944382,1.0241623551937609,-0.09992457804834512
274,1,116,141,1,1,1.7147906079063474234,3.0742232681614269415,0.29634572283840944382,1.0222464637294155,-0.050294451171484206
274,2,117,138,3,3,1.7147906079063474234,3.0742232681614269415,0.29634572283840944382,1.015648421649482,-0.06042545122619394
275,1,116,140,4,4,1.7147906079063474234,3.0742232681614269415,0.29634572283840944382,1.0161110390132742,-0.04244588854370385
276,1,114,141,1,1,1.7147906079063474234,3.0742232681614269415,0.29634572283840944382,1.0285848485780194,-0.0521949030794968
276,2,116,140,2,4,1.7147906079063474234,3.0742232681614269415,0.29634572283840944382,1.0159568037438784,-0.04844683291899872
276,3,116,138,1,2,1.7147906079063474234,3.0742232681614269415,0.29634572283840944382,1.0186312209534296,-0.06744299899100188
277,1,113,138,1,2,1.7147906079063474234,3.0742232681614269415,0.29634572283840944382,1.0281151240069688,-0.0706539582490838
277,2,115,136,2,2,1.7147906079063474234,3.0742232681614269415,0.29634572283840944382,1.0216250234504218,-0.07454831092712456
278,1,110,133,1,1,1.7147906079063474234,3.0742232681614269415,0.29634572283840944382,1.0401367586880403,-0.10658797060977834
278,2,114,130,2,2,1.7147906079063474234,3.0742232681614269415,0.29634572283840944382,1.02385084887665,-0.11198895544917892
278,3,110,128,4,3,1.7147906079063474234,3.0742232681614269415,0.29634572283840944382,1.0364430528317716,-0.12379612368676521
279,1,110,131,1,1,1.7147906079063474234,3.0742232681614269415,0.29634572283840944382,1.039819246648483,-0.11907403305001052
279,2,113,129,1,1,1.7147906079063474234,3.0742232681614269415,0.29634572283840944382,1.0298878226848893,-0.12694098997923867
279,3,111,129,1,1,1.7147906079063474234,3.0742232681614269415,0.29634572283840944382,1.0362849717563243,-0.12996188201954648
279,4,110,127,1,1,1.7147906079063474234,3.0742232681614269415,0.29634572283840944382,1.039184577640521,-0.14387695814682933
280,1,109,129,2,2,1.7147906079063474234,3.0742232681614269415,0.29634572283840944382,1.0396605350130192,-0.1252965634318076
280,2,113,128,2,1,1.7147906079063474234,3.0742232681614269415,0.29634572283840944382,1.0298878226848893,-0.12694098997923867
281,1,111,132,1,1,1.7147906079063474234,3.0742232681614269415,0.29634572283840944382,1.0367593037297957,-0.11142322743535321
281,2,111,128,1,1,1.7147906079063474234,3.0742232681614269415,0.29634572283840944382,1.0361269202627186,-0.13611328496872008
281,3,109,128,1,1,1.7147906079063474234,3.0742232681614269415,0.29634572283840944382,1.042571689287845,-0.13930646222138854
282,1,106,134,3,3,1.7147906079063474234,3.0742232681614269415,0.29634572283840944382,1.050189111855505,-0.09801455053285367
283,1,103,136,3,5,1.7147906079063474234,3.0742232681614269415,0.29634572283840944382,1.0570637414352355,-0.08770825078627068
286,1,90,171,1,1,1.7147906079063474234,3.0742232681614269415,0.29634572283840944382,1.1135920944075772,0.14546176687373208
286,2,90,168,2,2,1.7147906079063474234,3.0742232681614269415,0.29634572283840944382,1.109764552313083,0.13002760243387246
287,1,89,177,1,1,1.7147906079063474234,3.0742232681614269415,0.29634572283840944382,1.118124385729773,0.19118359484660513
287,2,91,176,1,1,1.7147906079063474234,3.0742232681614269415,0.29634572283840944382,1.11096377117638,0.18193319474345884
287,3,90,174,1,2,1.7147906079063474234,3.0742232681614269415,0.29634572283840944382,1.1106209916522147,0.16715958248765914
287,4,88,174,1,1,1.7147906079063474234,3.0742232681614269415,0.29634572283840944382,1.1211174106910575,0.16943067211348245
288,1,88,162,4,4,1.7147906079063474234,3.0742232681614269415,0.29634572283840944382,1.112389757014155,0.09278826461425164
289,1,90,160,2,2,1.7147906079063474234,3.0742232681614269415,0.29634572283840944382,1.108395763907974,0.07023790333721021
289,2,89,159,1,1,1.7147906079063474234,3.0742232681614269415,0.29634572283840944382,1.115021781003337,0.05478776595006181
290,1,92,154,4,4,1.7147906079063474234,3.0742232681614269415,0.29634572283840944382,1.0971849278135126,0.034042315261795665
291,1,94,154,4,2,1.7147906079063474234,3.0742232681614269415,0.29634572283840944382,1.0937569816850223,0.03444434324074401
292,1,98,163,1,3,1.7147906079063474234,3.0742232681614269415,0.29634572283840944382,1.08132959896864,0.08499211758088107
292,2,99,160,1,1,1.7147906079063474234,3.0742232681614269415,0.29634572283840944382,1.0808309013308843,0.0639926576093588
293,1,98,166,4,6,1.7147906079063474234,3.0742232681614269415,0.29634572283840944382,1.0754245744685709,0.11931878919036246
312,1,122,166,1,2,1.7147906079063474234,3.0742232681614269415,0.29634572283840944382,1.0042353411997569,0.10202941644378254
312,2,122,164,1,1,1.7147906079063474234,3.0742232681614269415,0.29634572283840944382,1.007023218004396,0.09038951729220007
313,1,119,160,2,2,1.7147906079063474234,3.0742232681614269415,0.29634572283840944382,1.012782164763591,0.07257887243822138
314,1,114,153,1,2,1.7147906079063474234,3.0742232681614269415,0.29634572283840944382,1.027283916837471,0.022695867262476944
315,1,112,151,1,1,1.7147906079063474234,3.0742232681614269415,0.29634572283840944382,1.036551694345374,0.00874896620661463
315,2,114,150,1,1,1.7147906079063474234,3.0742232681614269415,0.29634572283840944382,1.0299956183427206,0.0035829699718642367
315,3,115,146,2,1,1.7147906079063474234,3.0742232681614269415,0.29634572283840944382,1.0263462075490204,-0.014368783669950385
315,4,112,146,1,1,1.7147906079063474234,3.0742232681614269415,0.29634572283840944382,1.0357614831492488,-0.022779877033665328
316,1,110,149,1,1,1.7147906079063474234,3.0742232681614269415,0.29634572283840944382,1.0426811161250387,-0.005154675057793873
316,2,109,146,1,1,1.7147906079063474234,3.0742232681614269415,0.29634572283840944382,1.0454427809524671,-0.025130581280063166
317,1,108,148,3,4,1.7147906079063474234,3.0742232681614269415,0.29634572283840944382,1.0426811161250387,-0.005154675057793873
318,1,109,152,2,3,1.7147906079063474234,3.0742232681614269415,0.29634572283840944382,1.043318389191728,0.020488684126720558
319,1,111,152,1,1,1.7147906079063474234,3.0742232681614269415,0.29634572283840944382,1.039928321451419,0.014573841172645175
319,2,108,151,3,2,1.7147906079063474234,3.0742232681614269415,0.29634572283840944382,1.0464019423562039,0.013562645409923071
320,1,110,156,4,4,1.7147906079063474234,3.0742232681614269415,0.29634572283840944382,1.0376592324960177,0.05303723346677171
320,2,112,154,1,2,1.7147906079063474234,3.0742232681614269415,0.29634572283840944382,1.033818684447838,0.02811181574008675
321,1,112,163,1,1,1.7147906079063474234,3.0742232681614269415,0.29634572283840944382,1.038451218721836,0.08469154258285402
321,2,112,161,1,1,1.7147906079063474234,3.0742232681614269415,0.29634572283840944382,1.0381343354732897,0.07203290863965418
321,3,112,158,1,2,1.7147906079063474234,3.0742232681614269415,0.29634572283840944382,1.0344493374525294,0.05324776926602139
