time,found,id,x,y,h,w,cam_x,cam_y,cam_z,rxy,rxz
1.6623087749994738,True,1,613,201,1,1,2.0096509441439089536,3.602839708174533976,0.34730273127770009355,0.34838566057344095,0.13364942813594413
1.6625337509995006,True,2,613,199,1,1,2.0096509441439089536,3.602839708174533976,0.34730273127770009355,0.3483359133779167,0.13096271788863165
1.6627322189997358,True,3,608,199,3,4,2.0096509441439089536,3.602839708174533976,0.34730273127770009355,0.3498828983729316,0.13254429811092322
1.7380109549994813,True,1,624,199,1,1,2.0096509441439089536,3.602839708174533976,0.34730273127770009355,0.3428626923545777,0.13013116410755
1.7382680799992158,True,2,620,198,2,3,2.0096509441439089536,3.602839708174533976,0.34730273127770009355,0.34433894079378724,0.1303551481096897
1.738424336999742,True,3,620,190,8,7,2.0096509441439089536,3.602839708174533976,0.34730273127770009355,0.3432325043855727,0.12358747380623335
1.763539839999794,True,1,626,186,6,6,2.0096509441439089536,3.602839708174533976,0.34730273127770009355,0.34019130459873087,0.11664135762005971
1.7637888159997601,True,2,628,189,3,3,2.0096509441439089536,3.602839708174533976,0.34730273127770009355,0.3402150717149065,0.11795446281238836
1.7639443509997363,True,3,629,184,4,5,2.0096509441439089536,3.602839708174533976,0.34730273127770009355,0.3391575452536983,0.11260673920842339
1.7640863919996264,True,4,632,182,1,1,2.0096509441439089536,3.602839708174533976,0.34730273127770009355,0.33858404224498045,0.10732717079193345
1.7642279229994529,True,5,630,182,1,1,2.0096509441439089536,3.602839708174533976,0.34730273127770009355,0.3395433886366434,0.10740501329343682
4.467703892999452,True,1,0,206,2,2,2.0096509441439089536,3.602839708174533976,0.34730273127770009355,1.4727302337508117,1.0584367990340338
5.945851049999874,True,1,80,351,1,1,2.0096509441439089536,3.602839708174533976,0.34730273127770009355,1.1815378929019202,1.0652267769502421
5.9460362689997055,True,2,76,349,4,3,2.0096509441439089536,3.602839708174533976,0.34730273127770009355,1.1927231110995336,1.0781634837803635
5.9461364459994,True,3,79,348,1,1,2.0096509441439089536,3.602839708174533976,0.34730273127770009355,1.1847053694197864,1.0623920607382347
5.946205428999747,True,4,73,342,1,1,2.0096509441439089536,3.602839708174533976,0.34730273127770009355,1.2061145883138826,1.0744378701519113
5.946271019000051,True,5,73,340,1,1,2.0096509441439089536,3.602839708174533976,0.34730273127770009355,1.2057420231071643,1.0694913389379919
5.9665371289993345,True,1,102,405,1,1,2.0096509441439089536,3.602839708174533976,0.34730273127770009355,1.1119170656980104,1.0914814486816453
5.966777035999257,True,2,100,396,1,1,2.0096509441439089536,3.602839708174533976,0.34730273127770009355,1.1173579578026158,1.081994975690817
5.966924695999296,True,3,96,395,1,1,2.0096509441439089536,3.602839708174533976,0.34730273127770009355,1.1312943818332306,1.0943845895897182
5.967054097999608,True,4,99,394,1,1,2.0096509441439089536,3.602839708174533976,0.34730273127770009355,1.1205217706315171,1.0817769353828746
5.967181352999432,True,5,91,383,1,1,2.0096509441439089536,3.602839708174533976,0.34730273127770009355,1.1470664905559587,1.0898864636485504
6.140847556999688,True,1,146,467,1,1,2.0096509441439089536,3.602839708174533976,0.34730273127770009355,0.9793835637104058,1.0597999057157226
6.1410955229994215,True,2,146,464,16,10,2.0096509441439089536,3.602839708174533976,0.34730273127770009355,0.9653133402326234,1.0541089583102785
6.141252914999313,True,3,153,468,3,3,2.0096509441439089536,3.602839708174533976,0.34730273127770009355,0.9561450339823012,1.0420477207199303
6.141403676999289,True,4,148,461,3,4,2.0096509441439089536,3.602839708174533976,0.34730273127770009355,0.9668031463553941,1.041883153417519
6.165776670000014,True,1,146,453,1,1,2.0096509441439089536,3.602839708174533976,0.34730273127770009355,0.9773268967586073,1.0385965822582985
6.165956337999887,True,2,153,451,3,3,2.0096509441439089536,3.602839708174533976,0.34730273127770009355,0.9537271081040645,1.0159274608377815
6.16604138799994,True,3,151,444,1,1,2.0096509441439089536,3.602839708174533976,0.34730273127770009355,0.961283887391234,1.0108277261292953
6.166119775999505,True,4,147,444,12,5,2.0096509441439089536,3.602839708174533976,0.34730273127770009355,0.9680062644124375,1.025862683802798
6.166196369999852,True,5,149,453,3,3,2.0096509441439089536,3.602839708174533976,0.34730273127770009355,0.9656471910917144,1.0295517992296195
6.166265374999966,True,6,152,440,11,4,2.0096509441439089536,3.602839708174533976,0.34730273127770009355,0.9527338954066527,1.0045733568330384
6.16633302199989,True,7,152,447,3,3,2.0096509441439089536,3.602839708174533976,0.34730273127770009355,0.956047140421163,1.0120977364606945
6.166387417999431,True,8,152,445,3,3,2.0096509441439089536,3.602839708174533976,0.34730273127770009355,0.9557622883541153,1.0088371363725832
6.166441861999374,True,9,149,440,3,2,2.0096509441439089536,3.602839708174533976,0.34730273127770009355,0.963772699620016,1.008516348553568
6.166501348999191,True,10,152,438,2,1,2.0096509441439089536,3.602839708174533976,0.34730273127770009355,0.9576605441712822,0.9998347693841844
6.239515783999195,True,1,149,415,2,3,2.0096509441439089536,3.602839708174533976,0.34730273127770009355,0.9601815850643717,0.9642670784520957
6.239773466999395,True,2,158,411,2,2,2.0096509441439089536,3.602839708174533976,0.34730273127770009355,0.9339119476219211,0.9324773147466671
6.239926062999984,True,3,159,406,2,1,2.0096509441439089536,3.602839708174533976,0.34730273127770009355,0.933222456266809,0.922708324558612
6.240069613999367,True,4,159,404,1,1,2.0096509441439089536,3.602839708174533976,0.34730273127770009355,0.9328090992145317,0.9167371566035863
6.240228299999217,True,5,148,400,16,12,2.0096509441439089536,3.602839708174533976,0.34730273127770009355,0.9475073024059185,0.9380393564176394
6.240350186999422,True,6,151,410,3,3,2.0096509441439089536,3.602839708174533976,0.34730273127770009355,0.9536739660147365,0.9492953868082287
6.240474005999204,True,7,153,406,3,3,2.0096509441439089536,3.602839708174533976,0.34730273127770009355,0.9473665848664812,0.9360756022919278
6.240614732999347,True,8,152,402,3,3,2.0096509441439089536,3.602839708174533976,0.34730273127770009355,0.949665648294506,0.9308450277321443
6.240674420999312,True,9,153,401,4,5,2.0096509441439089536,3.602839708174533976,0.34730273127770009355,0.9439540935402982,0.9254210279708084
6.240733739999996,True,10,156,400,3,3,2.0096509441439089536,3.602839708174533976,0.34730273127770009355,0.9380117404705527,0.9160081316840882
6.240804811999624,True,11,152,400,1,1,2.0096509441439089536,3.602839708174533976,0.34730273127770009355,0.9521139498946999,0.9275245345021604
6.268111634999514,True,1,151,393,7,10,2.0096509441439089536,3.602839708174533976,0.34730273127770009355,0.9401405479548908,0.9084272000711662
6.268312667999453,True,2,154,396,4,4,2.0096509441439089536,3.602839708174533976,0.34730273127770009355,0.9404190796781029,0.912561754721908
6.268428191999192,True,3,156,395,3,3,2.0096509441439089536,3.602839708174533976,0.34730273127770009355,0.9373180715162599,0.9057381881051004
6.268540428999586,True,4,153,395,3,3,2.0096509441439089536,3.602839708174533976,0.34730273127770009355,0.9458205704484673,0.9138454342414677
6.268648260999726,True,5,151,384,10,13,2.0096509441439089536,3.602839708174533976,0.34730273127770009355,0.9363481211125609,0.8909469055665757
6.268764602999909,True,6,159,385,3,3,2.0096509441439089536,3.602839708174533976,0.34730273127770009355,0.9275523698820325,0.8764435507807685
6.340579130999686,True,1,158,358,14,14,2.0096509441439089536,3.602839708174533976,0.34730273127770009355,0.9110109692060452,0.8152669879796514
6.340910836999683,True,2,164,366,4,3,2.0096509441439089536,3.602839708174533976,0.34730273127770009355,0.9114108825719281,0.8224227490307714
6.341093940000064,True,3,169,365,3,3,2.0096509441439089536,3.602839708174533976,0.34730273127770009355,0.8977481303340554,0.8049688000576217
6.341245501999765,True,4,160,361,3,3,2.0096509441439089536,3.602839708174533976,0.34730273127770009355,0.9215236582842314,0.8184162570205041
6.341399534999255,True,5,166,359,3,3,2.0096509441439089536,3.602839708174533976,0.34730273127770009355,0.9049593627957554,0.7980149700751146
6.341631470999346,True,6,162,359,3,3,2.0096509441439089536,3.602839708174533976,0.34730273127770009355,0.9157760768234787,0.8082882785037557
6.341806770999938,True,7,164,358,3,3,2.0096509441439089536,3.602839708174533976,0.34730273127770009355,0.9102118863176529,0.80065926052027
6.3657637989999785,True,1,162,348,15,16,2.0096509441439089536,3.602839708174533976,0.34730273127770009355,0.89631414194294,0.7780830832038351
6.366055277999294,True,2,171,359,3,3,2.0096509441439089536,3.602839708174533976,0.34730273127770009355,0.8916923738024336,0.7855058026090657
6.366202637999777,True,3,169,359,3,3,2.0096509441439089536,3.602839708174533976,0.34730273127770009355,0.8969655478075129,0.7904658158660446
6.366353205999985,True,4,173,358,3,3,2.0096509441439089536,3.602839708174533976,0.34730273127770009355,0.8863355656062302,0.7781553898614502
6.3665084259992,True,5,162,357,3,3,2.0096509441439089536,3.602839708174533976,0.34730273127770009355,0.9155076379217253,0.8033469377941892
6.366639788999237,True,6,164,353,3,3,2.0096509441439089536,3.602839708174533976,0.34730273127770009355,0.9095467410386271,0.7881784977787907
6.366782879999846,True,7,168,352,3,3,2.0096509441439089536,3.602839708174533976,0.34730273127770009355,0.8987032714147047,0.7755419741382951
6.366881020999244,True,8,173,350,3,3,2.0096509441439089536,3.602839708174533976,0.34730273127770009355,0.8853113748377699,0.7581896338768586
6.458412336000038,True,1,180,352,2,1,2.0096509441439089536,3.602839708174533976,0.34730273127770009355,0.8701681482769121,0.748966582893974
6.458698292999543,True,2,182,350,5,6,2.0096509441439089536,3.602839708174533976,0.34730273127770009355,0.857511591516213,0.7349558702871977
6.45889027299927,True,3,189,349,1,1,2.0096509441439089536,3.602839708174533976,0.34730273127770009355,0.8473180106089663,0.7184892752811729
6.459047380999436,True,4,185,348,1,1,2.0096509441439089536,3.602839708174533976,0.34730273127770009355,0.8570235141203432,0.7248787442863728
6.459192088999771,True,5,188,347,1,2,2.0096509441439089536,3.602839708174533976,0.34730273127770009355,0.8470782323522081,0.7134357020026618
6.459339798999281,True,6,174,340,14,16,2.0096509441439089536,3.602839708174533976,0.34730273127770009355,0.8643805406347855,0.7291503980513045
6.486375141999815,True,1,195,352,2,1,2.0096509441439089536,3.602839708174533976,0.34730273127770009355,0.8333580345378505,0.7154095361096845
6.486570309999479,True,2,196,348,1,1,2.0096509441439089536,3.602839708174533976,0.34730273127770009355,0.8304055767107535,0.7008762840507348
6.486685367999598,True,3,195,344,3,2,2.0096509441439089536,3.602839708174533976,0.34730273127770009355,0.8300567124913698,0.6933240164939226
6.486799622000035,True,4,182,342,14,14,2.0096509441439089536,3.602839708174533976,0.34730273127770009355,0.8473180106089663,0.7184892752811729
6.486899535999328,True,5,185,345,3,3,2.0096509441439089536,3.602839708174533976,0.34730273127770009355,0.8543084703526665,0.717537754029163
6.487021679999998,True,6,182,344,3,3,2.0096509441439089536,3.602839708174533976,0.34730273127770009355,0.861630920089875,0.7217316583761919
6.530344181999681,True,1,199,354,17,17,2.0096509441439089536,3.602839708174533976,0.34730273127770009355,0.8065773759933773,0.7120397443261494
6.53052814900002,True,2,201,359,4,6,2.0096509441439089536,3.602839708174533976,0.34730273127770009355,0.8132883577844733,0.715808564201672
6.530642003999674,True,3,206,355,3,3,2.0096509441439089536,3.602839708174533976,0.34730273127770009355,0.8059103006502348,0.6978234731720807
6.564059540000017,True,1,210,369,17,16,2.0096509441439089536,3.602839708174533976,0.34730273127770009355,0.7838963021718233,0.7242236094905828
6.56432491599935,True,2,210,373,3,3,2.0096509441439089536,3.602839708174533976,0.34730273127770009355,0.7989297539520587,0.7314308260548015
6.564474006999262,True,3,219,369,4,4,2.0096509441439089536,3.602839708174533976,0.34730273127770009355,0.7768240022173405,0.7051657096390191
6.564622493999195,True,4,214,367,1,1,2.0096509441439089536,3.602839708174533976,0.34730273127770009355,0.791536130909066,0.7096532354534132
6.564793257000019,True,5,216,366,1,1,2.0096509441439089536,3.602839708174533976,0.34730273127770009355,0.7870587690011327,0.7034678028154226
6.634030679999341,True,1,233,419,1,1,2.0096509441439089536,3.602839708174533976,0.34730273127770009355,0.7567121618985139,0.7808435097950063
6.634278314999392,True,2,235,416,10,12,2.0096509441439089536,3.602839708174533976,0.34730273127770009355,0.7408367100723428,0.7698187812519856
6.634440928000004,True,3,239,422,3,3,2.0096509441439089536,3.602839708174533976,0.34730273127770009355,0.7430113709930596,0.7753460670320022
6.634587097999429,True,4,240,416,2,2,2.0096509441439089536,3.602839708174533976,0.34730273127770009355,0.7404479505705556,0.7623334240651813
6.634714950999296,True,5,231,416,2,2,2.0096509441439089536,3.602839708174533976,0.34730273127770009355,0.7585582328538508,0.7789491894330681
6.63484108800003,True,6,245,414,1,1,2.0096509441439089536,3.602839708174533976,0.34730273127770009355,0.7323358767264471,0.7495001096981818
6.634980093999729,True,7,235,414,2,1,2.0096509441439089536,3.602839708174533976,0.34730273127770009355,0.752243612447574,0.7695416794158255
6.6351011309998285,True,8,239,412,3,4,2.0096509441439089536,3.602839708174533976,0.34730273127770009355,0.7400595215285729,0.754751437267536
6.635229425999569,True,9,236,412,2,2,2.0096509441439089536,3.602839708174533976,0.34730273127770009355,0.7480148094023262,0.7620321935001269
6.635357488999944,True,10,243,410,1,1,2.0096509441439089536,3.602839708174533976,0.34730273127770009355,0.735844519359781,0.7454187137488602
6.635501437999665,True,11,235,408,3,2,2.0096509441439089536,3.602839708174533976,0.34730273127770009355,0.7496286399845997,0.7561645475501785
6.6355801939998855,True,12,239,406,5,3,2.0096509441439089536,3.602839708174533976,0.34730273127770009355,0.7415483010337555,0.7469368715960173
6.664932299999236,True,1,250,452,1,2,2.0096509441439089536,3.602839708174533976,0.34730273127770009355,0.7244026667289576,0.8066505331028336
6.665258198999254,True,2,257,441,2,1,2.0096509441439089536,3.602839708174533976,0.34730273127770009355,0.7122110654986116,0.7791900174584104
6.665547489999881,True,3,255,437,1,1,2.0096509441439089536,3.602839708174533976,0.34730273127770009355,0.715471095255222,0.7739361174943785
6.665824238999448,True,4,253,434,1,1,2.0096509441439089536,3.602839708174533976,0.34730273127770009355,0.7189409008836017,0.7721110369967706
6.6660848019992045,True,5,242,431,21,16,2.0096509441439089536,3.602839708174533976,0.34730273127770009355,0.7252765424179235,0.7896439402112858
6.666360202999385,True,6,249,448,3,3,2.0096509441439089536,3.602839708174533976,0.34730273127770009355,0.7260286039985501,0.8033632674038151
6.66653430399947,True,7,245,443,3,3,2.0096509441439089536,3.602839708174533976,0.34730273127770009355,0.7332612260775432,0.801958358606848
6.666834279999421,True,8,246,442,3,3,2.0096509441439089536,3.602839708174533976,0.34730273127770009355,0.7312278574886407,0.7984399028403427
6.666969068999606,True,9,252,441,3,3,2.0096509441439089536,3.602839708174533976,0.34730273127770009355,0.7196822196549302,0.7861114760282093
6.6670469519995095,True,10,246,438,3,3,2.0096509441439089536,3.602839708174533976,0.34730273127770009355,0.7308472586085728,0.7914844860288861
6.667122248999476,True,11,247,433,3,3,2.0096509441439089536,3.602839708174533976,0.34730273127770009355,0.7284462222524192,0.7808879830138497
6.667217440999593,True,12,248,432,3,3,2.0096509441439089536,3.602839708174533976,0.34730273127770009355,0.7264345750785067,0.7773392002796529
6.667255495999598,True,13,244,431,1,1,2.0096509441439089536,3.602839708174533976,0.34730273127770009355,0.7359106069604295,0.782677063758565
8.965172067999447,True,1,177,188,2,1,2.0096509441439089536,3.602839708174533976,0.34730273127770009355,0.8574509075007436,0.19427621679846724
8.965393597000002,True,2,174,186,1,1,2.0096509441439089536,3.602839708174533976,0.34730273127770009355,0.8645662031064736,0.18314439931972346
9.144034185999772,True,1,92,141,3,6,2.0096509441439089536,3.602839708174533976,0.34730273127770009355,1.091401422194861,-0.06625971927088076
9.144312877999255,True,2,94,141,3,3,2.0096509441439089536,3.602839708174533976,0.34730273127770009355,1.091401422194861,-0.06625971927088076
9.168864366999514,True,1,85,141,1,1,2.0096509441439089536,3.602839708174533976,0.34730273127770009355,1.1259656785057732,-0.08743860123962088
9.169110679999903,True,2,79,140,4,5,2.0096509441439089536,3.602839708174533976,0.34730273127770009355,1.1403694459927074,-0.08576515386006628
9.1692686589995,True,3,79,141,3,3,2.0096509441439089536,3.602839708174533976,0.34730273127770009355,1.1439564211240056,-0.08735496066838908
9.239951887999268,True,1,62,146,2,2,2.0096509441439089536,3.602839708174533976,0.34730273127770009355,1.2076298891358113,-0.07144542985656316
9.240196599999763,True,2,61,144,1,3,2.0096509441439089536,3.602839708174533976,0.34730273127770009355,1.2108631140679809,-0.10263641219387114
9.240350974999274,True,3,58,144,4,2,2.0096509441439089536,3.602839708174533976,0.34730273127770009355,1.2226832300927328,-0.08892643523463288
9.273430661999555,True,1,50,152,2,3,2.0096509441439089536,3.602839708174533976,0.34730273127770009355,1.2550192054686335,-0.02769087458473417
9.273759830999552,True,2,50,150,2,5,2.0096509441439089536,3.602839708174533976,0.34730273127770009355,1.2507216966681476,-0.04873047027466944
9.339437052999529,True,1,36,164,4,4,2.0096509441439089536,3.602839708174533976,0.34730273127770009355,1.3093543901663613,0.12968622369505756
9.339713867999308,True,2,37,165,3,3,2.0096509441439089536,3.602839708174533976,0.34730273127770009355,1.3093543901663613,0.12968622369505756
9.362405287999536,True,1,30,174,3,4,2.0096509441439089536,3.602839708174533976,0.34730273127770009355,1.3356022869319644,0.27025803937546167
9.543547448000027,True,1,0,172,4,4,2.0096509441439089536,3.602839708174533976,0.34730273127770009355,1.461472041497817,0.4422724077969436
10.741132284999367,True,1,268,15,1,1,2.0096509441439089536,3.602839708174533976,0.34730273127770009355,0.656781906664408,-0.33217583429886616
10.741371179999987,True,2,270,14,2,1,2.0096509441439089536,3.602839708174533976,0.34730273127770009355,0.6535625079830097,-0.32963937016381656
10.741531670999393,True,3,268,13,1,1,2.0096509441439089536,3.602839708174533976,0.34730273127770009355,0.6566227836670646,-0.3372120084878263
10.741666900999917,True,4,260,1,12,11,2.0096509441439089536,3.602839708174533976,0.34730273127770009355,0.6610177688484824,-0.3561948700898465
10.7715041069996,True,1,285,32,2,3,2.0096509441439089536,3.602839708174533976,0.34730273127770009355,0.6300827193160248,-0.26611583186718246
10.771769363999738,True,2,285,30,1,1,2.0096509441439089536,3.602839708174533976,0.34730273127770009355,0.6313679926468253,-0.27465219862817264
10.771932709999419,True,3,282,30,2,2,2.0096509441439089536,3.602839708174533976,0.34730273127770009355,0.634476800402681,-0.2742969372350181
10.772095613999227,True,4,282,28,1,1,2.0096509441439089536,3.602839708174533976,0.34730273127770009355,0.6357775907034544,-0.2828950142115665
10.772261374999289,True,5,278,24,4,5,2.0096509441439089536,3.602839708174533976,0.34730273127770009355,0.6386963242794678,-0.29012361484853905
10.772410029999264,True,6,280,22,1,1,2.0096509441439089536,3.602839708174533976,0.34730273127770009355,0.6383929964767427,-0.30010162854020245
10.772552999999789,True,7,278,22,1,1,2.0096509441439089536,3.602839708174533976,0.34730273127770009355,0.641485287904981,-0.30241391468785167
11.141326158999618,True,1,438,192,1,1,2.0096509441439089536,3.602839708174533976,0.34730273127770009355,0.464364293313511,0.13654698936693185
11.23683464899932,True,1,472,140,8,5,2.0096509441439089536,3.602839708174533976,0.34730273127770009355,0.4330940767253031,0.049796285584564566
11.272125211999992,True,1,485,130,5,6,2.0096509441439089536,3.602839708174533976,0.34730273127770009355,0.4222135953391078,0.03050845917348981
11.272314225999253,True,2,485,131,3,4,2.0096509441439089536,3.602839708174533976,0.34730273127770009355,0.4229428815193321,0.03040801100314306
11.272428001999288,True,3,489,128,3,2,2.0096509441439089536,3.602839708174533976,0.34730273127770009355,0.4206552788998074,0.02568931383951619
11.342821929999445,True,1,516,117,1,2,2.0096509441439089536,3.602839708174533976,0.34730273127770009355,0.40155950021173614,0.009430056244585242
11.343054404999748,True,2,516,112,4,7,2.0096509441439089536,3.602839708174533976,0.34730273127770009355,0.4001416215745668,0.004953433286506558
11.343160432999866,True,3,519,112,3,3,2.0096509441439089536,3.602839708174533976,0.34730273127770009355,0.3994523717466384,0.0035169345883539088
11.372786839999208,True,1,528,106,8,10,2.0096509441439089536,3.602839708174533976,0.34730273127770009355,0.3910024014418645,0.0007201569637240435
11.432453276999695,True,1,561,107,9,9,2.0096509441439089536,3.602839708174533976,0.34730273127770009355,0.37181867561748216,0.006576683752844629
11.432688287000019,True,2,562,108,3,3,2.0096509441439089536,3.602839708174533976,0.34730273127770009355,0.3729100292385292,0.003396468973477122
11.45936508199975,True,1,578,115,7,9,2.0096509441439089536,3.602839708174533976,0.34730273127770009355,0.36251402247660525,0.01860689495754368
11.542145411000092,True,1,615,146,1,1,2.0096509441439089536,3.602839708174533976,0.34730273127770009355,0.3460222633756095,0.059565107907935524
11.542401852999319,True,2,612,140,2,2,2.0096509441439089536,3.602839708174533976,0.34730273127770009355,0.3468991503788144,0.05274020160005909
11.566736433999722,True,1,624,163,6,12,2.0096509441439089536,3.602839708174533976,0.34730273127770009355,0.33916493723344304,0.08638533495947652
13.040628129999277,True,1,190,156,1,2,2.0096509441439089536,3.602839708174533976,0.34730273127770009355,0.8199861718003083,0.05562380535497002
13.06275132799965,True,1,173,150,1,1,2.0096509441439089536,3.602839708174533976,0.34730273127770009355,0.8626311079615009,0.027012795148702168
13.062966944999971,True,2,164,148,3,8,2.0096509441439089536,3.602839708174533976,0.34730273127770009355,0.875147856173249,0.021105737447955606
13.245204105000084,True,1,46,134,1,1,2.0096509441439089536,3.602839708174533976,0.34730273127770009355,1.271025654359549,-0.25875924329395106
13.245492504999675,True,2,49,133,1,1,2.0096509441439089536,3.602839708174533976,0.34730273127770009355,1.259002532571061,-0.25634915443359535
13.267685019000055,True,1,30,138,2,2,2.0096509441439089536,3.602839708174533976,0.34730273127770009355,1.3324379384246334,-0.27466523915008273
13.267932073999873,True,2,33,137,1,1,2.0096509441439089536,3.602839708174533976,0.34730273127770009355,1.3238643340848533,-0.29002127742614164
13.268057321000015,True,3,30,136,1,1,2.0096509441439089536,3.602839708174533976,0.34730273127770009355,1.3359304951164748,-0.3227702873527648
13.334392843999922,True,1,1,149,1,2,2.0096509441439089536,3.602839708174533976,0.34730273127770009355,1.4562021290512208,-0.3454570317078913
14.76745662599933,True,1,9,229,1,1,2.0096509441439089536,3.602839708174533976,0.34730273127770009355,1.443120994574089,1.1120919255912356
14.767660206999608,True,2,4,229,1,1,2.0096509441439089536,3.602839708174533976,0.34730273127770009355,1.464504872565174,1.178908670204213
14.76777726599994,True,3,2,227,1,1,2.0096509441439089536,3.602839708174533976,0.34730273127770009355,1.4726640915143545,1.1956376867934009
14.767885178999677,True,4,4,224,2,2,2.0096509441439089536,3.602839708174533976,0.34730273127770009355,1.4593762791131404,1.1402188526194108
14.840703656999722,True,1,22,224,6,8,2.0096509441439089536,3.602839708174533976,0.34730273127770009355,1.3709857930791716,0.9063002655890077
14.866264515999319,True,1,32,220,5,8,2.0096509441439089536,3.602839708174533976,0.34730273127770009355,1.3286995055360173,0.7781851272535182
14.942418599999655,True,1,52,218,5,8,2.0096509441439089536,3.602839708174533976,0.34730273127770009355,1.248367228432322,0.6289381693336028
14.96861489999992,True,1,67,225,1,1,2.0096509441439089536,3.602839708174533976,0.34730273127770009355,1.2070235589248204,0.6092025454604454
14.968943588999537,True,2,62,220,6,10,2.0096509441439089536,3.602839708174533976,0.34730273127770009355,1.2066507353083908,0.5953599368671794
15.034621333999894,True,1,86,230,4,6,2.0096509441439089536,3.602839708174533976,0.34730273127770009355,1.127662681338907,0.5631045598827416
15.067983667999215,True,1,103,241,1,1,2.0096509441439089536,3.602839708174533976,0.34730273127770009355,1.0807891180901112,0.5651069001521309
15.130724463999286,True,1,116,234,1,1,2.0096509441439089536,3.602839708174533976,0.34730273127770009355,1.0368282173991625,0.4917376103970675
15.245121769999969,True,1,116,226,2,2,2.0096509441439089536,3.602839708174533976,0.34730273127770009355,1.0325192326145236,0.45334565435457913
15.270012652999867,True,1,118,230,2,3,2.0096509441439089536,3.602839708174533976,0.34730273127770009355,1.0267756360600346,0.46905083330473346
15.33225322599992,True,1,120,230,3,4,2.0096509441439089536,3.602839708174533976,0.34730273127770009355,1.017307141795116,0.4619109181210416
15.369141582999873,True,1,120,222,4,6,2.0096509441439089536,3.602839708174533976,0.34730273127770009355,1.0130988892515365,0.4243664508372474
15.369420666999758,True,2,123,222,3,3,2.0096509441439089536,3.602839708174533976,0.34730273127770009355,1.0098303587160307,0.4171581219133823
15.434627062999425,True,1,124,218,6,6,2.0096509441439089536,3.602839708174533976,0.34730273127770009355,1.000256111859136,0.4009465628495935
15.464264716999423,True,1,126,218,6,6,2.0096509441439089536,3.602839708174533976,0.34730273127770009355,0.9941378536563685,0.39707625825913595
15.540381471999353,True,1,132,226,2,2,2.0096509441439089536,3.602839708174533976,0.34730273127770009355,0.9829324600794378,0.41869923418143207
15.566696383999442,True,1,137,220,2,1,2.0096509441439089536,3.602839708174533976,0.34730273127770009355,0.9701465637977502,0.38246324030908996
15.566997027999605,True,2,132,218,6,4,2.0096509441439089536,3.602839708174533976,0.34730273127770009355,0.9790532731110352,0.3877866173742429
15.567173172999901,True,3,132,218,3,3,2.0096509441439089536,3.602839708174533976,0.34730273127770009355,0.9817509244662713,0.3797685534846126
15.646395101999587,True,1,136,214,4,6,2.0096509441439089536,3.602839708174533976,0.34730273127770009355,0.9635482926911251,0.3550590788849432
15.646722913999838,True,2,136,215,3,4,2.0096509441439089536,3.602839708174533976,0.34730273127770009355,0.9664784658654723,0.3566521602111921
15.666204647000086,True,1,138,214,4,6,2.0096509441439089536,3.602839708174533976,0.34730273127770009355,0.9577235728740462,0.3519263544393431
15.737557089999427,True,1,144,218,2,2,2.0096509441439089536,3.602839708174533976,0.34730273127770009355,0.9466375206256527,0.3598523717878601
15.76722799899926,True,1,146,214,6,6,2.0096509441439089536,3.602839708174533976,0.34730273127770009355,0.9350343656593285,0.34464981329719385
15.84075275899977,True,1,152,210,6,6,2.0096509441439089536,3.602839708174533976,0.34730273127770009355,0.9178606199653454,0.318402505224385
15.864686059999258,True,1,156,212,4,6,2.0096509441439089536,3.602839708174533976,0.34730273127770009355,0.9071416348898009,0.3178398565171477
15.864930964999985,True,2,158,210,1,1,2.0096509441439089536,3.602839708174533976,0.34730273127770009355,0.9093061275313575,0.3013464158048016
15.963470162999329,True,1,164,210,4,6,2.0096509441439089536,3.602839708174533976,0.34730273127770009355,0.885719564992029,0.2998691348226224
16.040774490999866,True,1,170,208,4,6,2.0096509441439089536,3.602839708174533976,0.34730273127770009355,0.8700671175485876,0.28518114655062743
16.040966075999677,True,2,170,208,3,3,2.0096509441439089536,3.602839708174533976,0.34730273127770009355,0.8750298087016358,0.2830100246562697
16.16683821799961,True,1,184,206,2,2,2.0096509441439089536,3.602839708174533976,0.34730273127770009355,0.8400800709290356,0.2620317805838142
16.238372365999567,True,1,190,210,2,2,2.0096509441439089536,3.602839708174533976,0.34730273127770009355,0.8262990028966596,0.27246132021551855
16.270497443999375,True,1,192,210,1,4,2.0096509441439089536,3.602839708174533976,0.34730273127770009355,0.8191950094389862,0.26613477689582415
16.27079828999922,True,2,195,208,1,1,2.0096509441439089536,3.602839708174533976,0.34730273127770009355,0.816658722934293,0.25777755311679357
16.362520367999423,True,1,200,206,3,4,2.0096509441439089536,3.602839708174533976,0.34730273127770009355,0.8006663832810247,0.24878686734587516
16.43943227299951,True,1,204,206,2,5,2.0096509441439089536,3.602839708174533976,0.34730273127770009355,0.791806613792318,0.24594609111009857
16.46500626499983,True,1,209,207,1,1,2.0096509441439089536,3.602839708174533976,0.34730273127770009355,0.7852618912783552,0.2438776085366083
16.465353216999574,True,2,208,204,2,2,2.0096509441439089536,3.602839708174533976,0.34730273127770009355,0.7850485334467906,0.2367335610850989
16.541080968999267,True,1,212,206,2,4,2.0096509441439089536,3.602839708174533976,0.34730273127770009355,0.7745414359808366,0.24054268238142995
16.572527183999227,True,1,214,204,2,4,2.0096509441439089536,3.602839708174533976,0.34730273127770009355,0.7701109184125475,0.23229943338199685
16.5727669909993,True,2,216,202,1,2,2.0096509441439089536,3.602839708174533976,0.34730273127770009355,0.7677047714901801,0.22127519193086317
16.636607793999246,True,1,220,202,3,3,2.0096509441439089536,3.602839708174533976,0.34730273127770009355,0.7595128167897529,0.22245447784360886
16.669455242999902,True,1,222,204,2,2,2.0096509441439089536,3.602839708174533976,0.34730273127770009355,0.7556196444882715,0.22811036375938912
16.73960373799946,True,1,226,200,4,4,2.0096509441439089536,3.602839708174533976,0.34730273127770009355,0.745239708425221,0.21527985395507657
16.764938515999347,True,1,228,202,3,4,2.0096509441439089536,3.602839708174533976,0.34730273127770009355,0.7413660923550194,0.21754875036648272
16.83914516799996,True,1,232,200,2,4,2.0096509441439089536,3.602839708174533976,0.34730273127770009355,0.7333333573258102,0.20896230637107202
16.868198631999803,True,1,234,200,2,4,2.0096509441439089536,3.602839708174533976,0.34730273127770009355,0.7294647382014257,0.20799748696233827
16.9367132819998,True,1,240,198,2,2,2.0096509441439089536,3.602839708174533976,0.34730273127770009355,0.7197521795930857,0.1992877061041039
16.96396937499958,True,1,240,198,2,2,2.0096509441439089536,3.602839708174533976,0.34730273127770009355,0.7197521795930857,0.1992877061041039
17.042930278999847,True,1,244,198,1,2,2.0096509441439089536,3.602839708174533976,0.34730273127770009355,0.7121886652304031,0.19442262531798887
17.36307769799987,True,1,256,193,1,1,2.0096509441439089536,3.602839708174533976,0.34730273127770009355,0.691857417180255,0.17491468544053854
17.56228185100008,True,1,263,192,1,1,2.0096509441439089536,3.602839708174533976,0.34730273127770009355,0.6796017689438846,0.16970121463124369
19.24901495999984,True,1,239,187,1,3,2.0096509441439089536,3.602839708174533976,0.34730273127770009355,0.7205239431326016,0.16119717241473422
21.644482338999296,True,1,19,198,1,1,2.0096509441439089536,3.602839708174533976,0.34730273127770009355,1.394301019485482,0.691636903821545
21.644713425999726,True,2,16,198,1,1,2.0096509441439089536,3.602839708174533976,0.34730273127770009355,1.4069357813684689,0.7254666438984043
21.66947825099942,True,1,14,196,2,2,2.0096509441439089536,3.602839708174533976,0.34730273127770009355,1.4109512719717903,0.7239509708438996
21.744555369999944,True,1,12,192,1,4,2.0096509441439089536,3.602839708174533976,0.34730273127770009355,1.4141387965908612,0.6635818538795382
21.744751453999925,True,2,13,190,1,1,2.0096509441439089536,3.602839708174533976,0.34730273127770009355,1.4179550148705558,0.6440675375386676
21.783965185999477,True,1,13,188,1,1,2.0096509441439089536,3.602839708174533976,0.34730273127770009355,1.417538014276099,0.6110194647062205
21.784279255999536,True,2,8,187,3,4,2.0096509441439089536,3.602839708174533976,0.34730273127770009355,1.4302672016363078,0.6481583432221426
21.844869681999626,True,1,6,178,3,4,2.0096509441439089536,3.602839708174533976,0.34730273127770009355,1.4368917371370582,0.49541776348052935
21.845084440999926,True,2,4,178,1,1,2.0096509441439089536,3.602839708174533976,0.34730273127770009355,1.453753627452211,0.5219996450209469
21.877997741999934,True,1,0,172,1,1,2.0096509441439089536,3.602839708174533976,0.34730273127770009355,1.4696261054878346,0.4072868000760835
21.878296590999526,True,2,3,170,1,1,2.0096509441439089536,3.602839708174533976,0.34730273127770009355,1.4563468924165193,0.31447536773612866
23.750394422999307,True,1,0,105,5,4,2.0096509441439089536,3.602839708174533976,0.34730273127770009355,1.4473631932567252,-1.0118229750109324
23.769872215999385,True,1,8,100,2,4,2.0096509441439089536,3.602839708174533976,0.34730273127770009355,1.4121091578630691,-0.9373505303592852
23.837014388999705,True,1,26,90,4,6,2.0096509441439089536,3.602839708174533976,0.34730273127770009355,1.3311535277454183,-0.7862893875202999
23.862642735999543,True,1,34,88,6,8,2.0096509441439089536,3.602839708174533976,0.34730273127770009355,1.2944749372703028,-0.7131700397512949
23.94427435399939,True,1,56,94,6,10,2.0096509441439089536,3.602839708174533976,0.34730273127770009355,1.205882519766861,-0.5120380633940911
23.94458223499987,True,2,61,92,1,1,2.0096509441439089536,3.602839708174533976,0.34730273127770009355,1.2049514708597324,-0.5471813446277322
23.968495164999695,True,1,77,102,1,1,2.0096509441439089536,3.602839708174533976,0.34730273127770009355,1.1476661780177941,-0.3998917734267769
23.96871298699989,True,2,70,98,1,2,2.0096509441439089536,3.602839708174533976,0.34730273127770009355,1.1687817293634906,-0.4538789440091657
23.968810972999563,True,3,68,98,8,12,2.0096509441439089536,3.602839708174533976,0.34730273127770009355,1.1585334874721496,-0.4125596152051666
23.968927182999323,True,4,73,100,3,3,2.0096509441439089536,3.602839708174533976,0.34730273127770009355,1.1583543106460288,-0.4195250789163444
24.033602946999963,True,1,96,118,10,10,2.0096509441439089536,3.602839708174533976,0.34730273127770009355,1.0680192664945822,-0.18576449846764181
24.033866997999212,True,2,102,125,3,3,2.0096509441439089536,3.602839708174533976,0.34730273127770009355,1.0618734084433716,-0.16241918907932543
24.16635837099966,True,1,158,192,2,2,2.0096509441439089536,3.602839708174533976,0.34730273127770009355,0.9043659713127546,0.22355828886712859
24.269056719999753,True,1,196,238,9,6,2.0096509441439089536,3.602839708174533976,0.34730273127770009355,0.8113273268809008,0.3771667521158227
24.339359812999646,True,1,212,208,7,8,2.0096509441439089536,3.602839708174533976,0.34730273127770009355,0.7707321242417994,0.2530868964014685
24.367352659999597,True,1,222,197,5,8,2.0096509441439089536,3.602839708174533976,0.34730273127770009355,0.7489481659113834,0.20624529259676827
24.44245345499985,True,1,244,181,1,1,2.0096509441439089536,3.602839708174533976,0.34730273127770009355,0.7124907680662586,0.14091590184153924
24.442658532999303,True,2,251,179,1,1,2.0096509441439089536,3.602839708174533976,0.34730273127770009355,0.6995353301684161,0.13319614809465724
24.442765479999252,True,3,244,176,7,8,2.0096509441439089536,3.602839708174533976,0.34730273127770009355,0.7049626525260786,0.13376097824815622
24.44283867499962,True,4,247,177,3,3,2.0096509441439089536,3.602839708174533976,0.34730273127770009355,0.7048730271176012,0.13061409235951524
24.442888028999732,True,5,246,176,3,3,2.0096509441439089536,3.602839708174533976,0.34730273127770009355,0.7066072942410273,0.12763371987827613
24.47055946399996,True,1,256,170,7,8,2.0096509441439089536,3.602839708174533976,0.34730273127770009355,0.6831533665247416,0.1134657018549888
24.533361232999596,True,1,280,166,7,9,2.0096509441439089536,3.602839708174533976,0.34730273127770009355,0.6434104588225875,0.0998519989410424
24.533577008000066,True,2,284,170,3,4,2.0096509441439089536,3.602839708174533976,0.34730273127770009355,0.6404546446803832,0.10527767009842408
24.533726464999745,True,3,283,169,3,3,2.0096509441439089536,3.602839708174533976,0.34730273127770009355,0.643487294279155,0.10264120995350609
24.53386585699991,True,4,280,169,3,3,2.0096509441439089536,3.602839708174533976,0.34730273127770009355,0.6481994037265334,0.10284562720620295
24.567162585000005,True,1,292,168,8,10,2.0096509441439089536,3.602839708174533976,0.34730273127770009355,0.6238782969448551,0.1071503570459699
24.634533456999634,True,1,320,182,6,1,2.0096509441439089536,3.602839708174533976,0.34730273127770009355,0.5922552919381273,0.1378486966486498
24.634781978999854,True,2,322,180,8,6,2.0096509441439089536,3.602839708174533976,0.34730273127770009355,0.585501315209487,0.1345979123317709
24.634958452999854,True,3,320,180,1,1,2.0096509441439089536,3.602839708174533976,0.34730273127770009355,0.5919228567367154,0.1254078010176774
24.670451936000063,True,1,337,192,1,1,2.0096509441439089536,3.602839708174533976,0.34730273127770009355,0.5704822011870938,0.15178421075588433
24.67076278500008,True,2,333,192,6,6,2.0096509441439089536,3.602839708174533976,0.34730273127770009355,0.5719368121184919,0.15908078648450585
24.670927780000056,True,3,333,192,3,3,2.0096509441439089536,3.602839708174533976,0.34730273127770009355,0.5743614260590576,0.15474939328356704
24.86177982299978,True,1,410,319,1,2,2.0096509441439089536,3.602839708174533976,0.34730273127770009355,0.4950457119186502,0.37971114807284745
24.86200746799932,True,2,410,315,2,2,2.0096509441439089536,3.602839708174533976,0.34730273127770009355,0.4949012200799265,0.37436281216898587
24.862127194000095,True,3,411,310,1,1,2.0096509441439089536,3.602839708174533976,0.34730273127770009355,0.4946124683276012,0.36360979331426624
25.063411035999707,True,1,462,479,1,2,2.0096509441439089536,3.602839708174533976,0.34730273127770009355,0.45508528897522993,0.5856549257818123
25.243837237999287,True,1,536,374,10,8,2.0096509441439089536,3.602839708174533976,0.34730273127770009355,0.39497199372923686,0.39824785492252696
25.265954865999447,True,1,550,360,10,12,2.0096509441439089536,3.602839708174533976,0.34730273127770009355,0.3845267051652386,0.3714616122484328
25.341749044999233,True,1,582,338,12,14,2.0096509441439089536,3.602839708174533976,0.34730273127770009355,0.3647773103896383,0.32963392176890993
25.341970574999323,True,2,582,345,3,3,2.0096509441439089536,3.602839708174533976,0.34730273127770009355,0.36817246933250747,0.3345930271149278
25.363081283999236,True,1,598,332,12,14,2.0096509441439089536,3.602839708174533976,0.34730273127770009355,0.35599229434983426,0.31595719016989615
25.43389241499972,True,1,632,337,1,1,2.0096509441439089536,3.602839708174533976,0.34730273127770009355,0.34227252778826794,0.3054685247418543
25.434176486999604,True,2,630,328,10,10,2.0096509441439089536,3.602839708174533976,0.34730273127770009355,0.3407178479670976,0.29957296955769125
25.434358145999795,True,3,635,330,3,3,2.0096509441439089536,3.602839708174533976,0.34730273127770009355,0.3401867892961712,0.2967957796171147
25.43457661499997,True,4,635,328,3,3,2.0096509441439089536,3.602839708174533976,0.34730273127770009355,0.340139265849828,0.29433351778707245
26.542736739999782,True,1,263,168,2,3,2.0096509441439089536,3.602839708174533976,0.34730273127770009355,0.6759662732594414,0.10110175749976648
26.56481750199964,True,1,250,161,1,3,2.0096509441439089536,3.602839708174533976,0.34730273127770009355,0.6979454792703201,0.07699780663312963
26.565039649999562,True,2,246,158,1,3,2.0096509441439089536,3.602839708174533976,0.34730273127770009355,0.7049010649892163,0.0673992042682666
26.63387473399962,True,1,218,145,1,1,2.0096509441439089536,3.602839708174533976,0.34730273127770009355,0.7598103159138001,0.01944020088678928
26.634069928999452,True,2,216,140,5,8,2.0096509441439089536,3.602839708174533976,0.34730273127770009355,0.7554127677589122,0.00938643762537389
26.634183957999994,True,3,217,141,3,3,2.0096509441439089536,3.602839708174533976,0.34730273127770009355,0.7595065996229184,0.008788298718742146
26.668970664999506,True,1,200,136,3,10,2.0096509441439089536,3.602839708174533976,0.34730273127770009355,0.7864638803443729,-0.014077586666200882
26.745593753999856,True,1,180,139,1,1,2.0096509441439089536,3.602839708174533976,0.34730273127770009355,0.8440675893163143,-0.017397714623323363
26.745823000999735,True,2,178,138,1,1,2.0096509441439089536,3.602839708174533976,0.34730273127770009355,0.8488118853093738,-0.02261331551528057
26.7459283649996,True,3,176,138,1,1,2.0096509441439089536,3.602839708174533976,0.34730273127770009355,0.853717412182701,-0.023653611921562546
26.76781244799986,True,1,163,140,4,6,2.0096509441439089536,3.602839708174533976,0.34730273127770009355,0.8793924693068031,-0.011163609900227914
26.76799499199933,True,2,164,140,3,3,2.0096509441439089536,3.602839708174533976,0.34730273127770009355,0.881843922864422,-0.016186820611971346
26.838090747000024,True,1,150,150,1,1,2.0096509441439089536,3.602839708174533976,0.34730273127770009355,0.9230750016397816,0.019765460178496747
26.942279908999808,True,1,125,180,1,1,2.0096509441439089536,3.602839708174533976,0.34730273127770009355,1.0001995231905514,0.1820443441230542
26.942531441999563,True,2,122,177,5,4,2.0096509441439089536,3.602839708174533976,0.34730273127770009355,1.003124814430448,0.17698449777109826
26.964456197999425,True,1,116,189,4,3,2.0096509441439089536,3.602839708174533976,0.34730273127770009355,1.0268734267112032,0.2530599324686436
27.03405414200006,True,1,105,195,1,1,2.0096509441439089536,3.602839708174533976,0.34730273127770009355,1.0665042410393113,0.29395898992157404
27.034253419999914,True,2,104,193,1,1,2.0096509441439089536,3.602839708174533976,0.34730273127770009355,1.0695056292072749,0.282814612602559
27.034357221999926,True,3,102,190,2,2,2.0096509441439089536,3.602839708174533976,0.34730273127770009355,1.072516922690643,0.2714358777380764
27.14286238799923,True,1,80,160,2,2,2.0096509441439089536,3.602839708174533976,0.34730273127770009355,1.143724233149836,0.0691304425913234
27.16675378599939,True,1,74,152,4,2,2.0096509441439089536,3.602839708174533976,0.34730273127770009355,1.1642256072836927,0.007486945117492918
27.235886407999715,True,1,63,144,4,5,2.0096509441439089536,3.602839708174533976,0.34730273127770009355,1.19988867836897,-0.07755358749740811
27.273452208999515,True,1,58,142,5,6,2.0096509441439089536,3.602839708174533976,0.34730273127770009355,1.214666650277128,-0.10477007637131079
27.273790100999577,True,2,59,142,3,3,2.0096509441439089536,3.602839708174533976,0.34730273127770009355,1.2182929493619985,-0.11692071920831654
27.339858925000044,True,1,52,149,1,2,2.0096509441439089536,3.602839708174533976,0.34730273127770009355,1.2464363966539316,-0.0691328913374107
27.340163224999742,True,2,50,144,4,5,2.0096509441439089536,3.602839708174533976,0.34730273127770009355,1.2497603555621168,-0.10440616123109461
27.340317401999528,True,3,51,145,3,4,2.0096509441439089536,3.602839708174533976,0.34730273127770009355,1.2458611678795777,-0.10202707120948491
27.367281246999482,True,1,46,149,3,6,2.0096509441439089536,3.602839708174533976,0.34730273127770009355,1.2622933589657135,-0.06570452946939699
27.438650230999883,True,1,42,160,4,4,2.0096509441439089536,3.602839708174533976,0.34730273127770009355,1.2844518632742912,0.07486912183581738
27.466379681000035,True,1,40,168,2,2,2.0096509441439089536,3.602839708174533976,0.34730273127770009355,1.2978490385476111,0.16693858483784127
27.54459237499941,True,1,38,184,4,4,2.0096509441439089536,3.602839708174533976,0.34730273127770009355,1.305250273255813,0.3853797033404368
27.74035347699919,True,1,52,89,1,1,2.0096509441439089536,3.602839708174533976,0.34730273127770009355,1.2388447691265734,-0.6232817924354236
27.74062481999954,True,2,54,84,6,2,2.0096509441439089536,3.602839708174533976,0.34730273127770009355,1.226886713492587,-0.6172675625691467
27.767894904999594,True,1,56,73,4,4,2.0096509441439089536,3.602839708174533976,0.34730273127770009355,1.2131558704244587,-0.6731115377921705
27.84377804399992,True,1,64,52,5,6,2.0096509441439089536,3.602839708174533976,0.34730273127770009355,1.175535341731974,-0.7298027274572176
27.844104268999217,True,2,66,50,1,1,2.0096509441439089536,3.602839708174533976,0.34730273127770009355,1.1785048994963225,-0.7539868824806785
27.863329938999414,True,1,68,44,6,6,2.0096509441439089536,3.602839708174533976,0.34730273127770009355,1.1595981200104508,-0.7397481682887098
27.935644172999673,True,1,78,33,7,6,2.0096509441439089536,3.602839708174533976,0.34730273127770009355,1.1218430759654394,-0.7349996945830728
27.93593320599939,True,2,80,37,3,3,2.0096509441439089536,3.602839708174533976,0.34730273127770009355,1.1221896349539682,-0.7268384657632081
27.93609916099922,True,3,81,35,3,3,2.0096509441439089536,3.602839708174533976,0.34730273127770009355,1.1183298328198814,-0.7301384208018997
27.936248553999576,True,4,78,35,3,3,2.0096509441439089536,3.602839708174533976,0.34730273127770009355,1.128905334311656,-0.7448569920673052
27.936390345999826,True,5,79,33,4,4,2.0096509441439089536,3.602839708174533976,0.34730273127770009355,1.1216698398511977,-0.7390303703197653
27.962613496999438,True,1,84,32,6,8,2.0096509441439089536,3.602839708174533976,0.34730273127770009355,1.0973332239976246,-0.7059228106436831
27.962776622999627,True,2,86,33,3,3,2.0096509441439089536,3.602839708174533976,0.34730273127770009355,1.1006041183033513,-0.7145267302167299
27.962880213999597,True,3,85,32,3,3,2.0096509441439089536,3.602839708174533976,0.34730273127770009355,1.103885923217652,-0.7231417322590609
28.040603653999824,True,1,96,34,6,8,2.0096509441439089536,3.602839708174533976,0.34730273127770009355,1.057317050009189,-0.6458246731058974
28.04093384099997,True,2,98,37,3,3,2.0096509441439089536,3.602839708174533976,0.34730273127770009355,1.0607755097775067,-0.6458797314145599
28.065020302999983,True,1,104,38,6,6,2.0096509441439089536,3.602839708174533976,0.34730273127770009355,1.0352189234481934,-0.6018097885621331
28.142467079999733,True,1,120,54,6,5,2.0096509441439089536,3.602839708174533976,0.34730273127770009355,0.9908731897150385,-0.481710575552777
28.242801241999587,True,1,151,102,2,2,2.0096509441439089536,3.602839708174533976,0.34730273127770009355,0.9112865010617714,-0.20341868163870108
28.243088206999346,True,2,151,94,1,1,2.0096509441439089536,3.602839708174533976,0.34730273127770009355,0.9127964966432477,-0.24580714178016527
28.243253312999514,True,3,146,94,8,8,2.0096509441439089536,3.602839708174533976,0.34730273127770009355,0.9160536430630174,-0.22946006062934318
28.24340084100004,True,4,151,98,3,3,2.0096509441439089536,3.602839708174533976,0.34730273127770009355,0.9107534411753514,-0.22159852580124337
28.243547099999887,True,5,148,97,3,3,2.0096509441439089536,3.602839708174533976,0.34730273127770009355,0.918787467599204,-0.23115930104154606
28.2436812979995,True,6,149,92,1,1,2.0096509441439089536,3.602839708174533976,0.34730273127770009355,0.9179787610220568,-0.2583801197056199
28.24381775099937,True,7,146,92,1,1,2.0096509441439089536,3.602839708174533976,0.34730273127770009355,0.926238917058489,-0.26397389821639533
28.341252663999512,True,1,178,157,1,1,2.0096509441439089536,3.602839708174533976,0.34730273127770009355,0.8511008731270031,0.05819667228000693
28.367927171999327,True,1,189,180,2,3,2.0096509441439089536,3.602839708174533976,0.34730273127770009355,0.825181756485622,0.1557527710349228
28.44443270099964,True,1,212,235,2,2,2.0096509441439089536,3.602839708174533976,0.34730273127770009355,0.7797175528016398,0.3407800876753527
28.465701133999573,True,1,212,218,8,4,2.0096509441439089536,3.602839708174533976,0.34730273127770009355,0.7761101475453536,0.2924402720005915
28.465921890999198,True,2,212,222,3,3,2.0096509441439089536,3.602839708174533976,0.34730273127770009355,0.7783477174249301,0.296729012520113
28.54430320799929,True,1,216,180,10,4,2.0096509441439089536,3.602839708174533976,0.34730273127770009355,0.7638784843872782,0.16133215998566364
28.544609401999878,True,2,217,187,3,3,2.0096509441439089536,3.602839708174533976,0.34730273127770009355,0.7641849981461483,0.1718762277603136
28.564470440999685,True,1,218,173,1,2,2.0096509441439089536,3.602839708174533976,0.34730273127770009355,0.760589439931294,0.11879329776244066
28.56467385399992,True,2,217,171,1,1,2.0096509441439089536,3.602839708174533976,0.34730273127770009355,0.7645237047886376,0.1119798995194451
28.564871906000008,True,3,220,167,5,3,2.0096509441439089536,3.602839708174533976,0.34730273127770009355,0.7560841930842191,0.10447932181318328
28.56497769299949,True,4,220,164,1,2,2.0096509441439089536,3.602839708174533976,0.34730273127770009355,0.7555820758405547,0.08693773939454259
28.63469449799959,True,1,223,147,1,3,2.0096509441439089536,3.602839708174533976,0.34730273127770009355,0.7478239622919909,0.02788418406463889
28.63493323199964,True,2,222,140,6,8,2.0096509441439089536,3.602839708174533976,0.34730273127770009355,0.7434394678800286,0.014560202837921043
28.664609138999367,True,1,226,131,7,7,2.0096509441439089536,3.602839708174533976,0.34730273127770009355,0.7366511433867704,-0.015163287345607733
28.744695055999728,True,1,239,125,1,1,2.0096509441439089536,3.602839708174533976,0.34730273127770009355,0.716667347525348,-0.04073818003416989
28.744952039000054,True,2,234,124,1,1,2.0096509441439089536,3.602839708174533976,0.34730273127770009355,0.7260291408385139,-0.046399988492639335
28.745122076999905,True,3,232,118,8,8,2.0096509441439089536,3.602839708174533976,0.34730273127770009355,0.7220366498374972,-0.05196841390414466
28.745276810999712,True,4,237,120,3,3,2.0096509441439089536,3.602839708174533976,0.34730273127770009355,0.7181724468370566,-0.05420130526119551
28.767376189999595,True,1,243,123,1,1,2.0096509441439089536,3.602839708174533976,0.34730273127770009355,0.7090664769890628,-0.04529804530242904
28.767668189999313,True,2,237,116,8,8,2.0096509441439089536,3.602839708174533976,0.34730273127770009355,0.7124851642615979,-0.05588214159412569
28.840158977999636,True,1,251,124,2,1,2.0096509441439089536,3.602839708174533976,0.34730273127770009355,0.6947837638102855,-0.035421042471455444
28.840452086999903,True,2,246,118,8,9,2.0096509441439089536,3.602839708174533976,0.34730273127770009355,0.6963012883576132,-0.0451817978888168
28.840615554999204,True,3,250,119,3,3,2.0096509441439089536,3.602839708174533976,0.34730273127770009355,0.6943465243758208,-0.05091483995557623
28.88157867499922,True,1,250,122,10,10,2.0096509441439089536,3.602839708174533976,0.34730273127770009355,0.6879070793348229,-0.027626126268526032
28.881786543999624,True,2,253,127,3,4,2.0096509441439089536,3.602839708174533976,0.34730273127770009355,0.6879931401380968,-0.02456214545066343
28.881873763999465,True,3,251,126,3,3,2.0096509441439089536,3.602839708174533976,0.34730273127770009355,0.6931845783433705,-0.02881022247161786
28.882004350999523,True,4,254,125,3,3,2.0096509441439089536,3.602839708174533976,0.34730273127770009355,0.6878210365522314,-0.03068851379060822
28.882178453999586,True,5,252,125,3,3,2.0096509441439089536,3.602839708174533976,0.34730273127770009355,0.691331136551842,-0.03149678058447175
28.935648912000033,True,1,267,151,1,1,2.0096509441439089536,3.602839708174533976,0.34730273127770009355,0.6694242744759831,0.047687833687914
28.93610683999941,True,2,262,147,1,1,2.0096509441439089536,3.602839708174533976,0.34730273127770009355,0.6775256126416112,0.03505460958654335
28.93661120899924,True,3,262,144,2,1,2.0096509441439089536,3.602839708174533976,0.34730273127770009355,0.6773578829108007,0.029038940260744987
28.936787376999746,True,4,267,142,1,1,2.0096509441439089536,3.602839708174533976,0.34730273127770009355,0.6686851998044813,0.02108116975237797
28.93695101599951,True,5,263,142,10,7,2.0096509441439089536,3.602839708174533976,0.34730273127770009355,0.6707674042495541,0.03570015396656638
28.937093586999254,True,6,266,146,3,3,2.0096509441439089536,3.602839708174533976,0.34730273127770009355,0.6690956262679533,0.0358587686855254
28.937247027999547,True,7,266,144,3,3,2.0096509441439089536,3.602839708174533976,0.34730273127770009355,0.6689314045349283,0.029946255280189557
28.965474237999842,True,1,268,160,5,8,2.0096509441439089536,3.602839708174533976,0.34730273127770009355,0.6620497434665226,0.08024887484824385
28.965786713999478,True,2,271,161,3,3,2.0096509441439089536,3.602839708174533976,0.34730273127770009355,0.6620497434665226,0.08024887484824385
28.965953850000005,True,3,272,158,1,2,2.0096509441439089536,3.602839708174533976,0.34730273127770009355,0.6600934261677059,0.06866505844721442
29.042224850999446,True,1,285,201,1,1,2.0096509441439089536,3.602839708174533976,0.34730273127770009355,0.6443094300221753,0.18820264315078425
29.042500310999458,True,2,283,201,1,1,2.0096509441439089536,3.602839708174533976,0.34730273127770009355,0.6474511646229123,0.1888886721246751
29.16549852099979,True,1,304,293,1,2,2.0096509441439089536,3.602839708174533976,0.34730273127770009355,0.620867510069325,0.4079871604616018
29.165737253999396,True,2,302,286,6,6,2.0096509441439089536,3.602839708174533976,0.34730273127770009355,0.620578665933873,0.39872790437198136
29.240305357999205,True,1,314,256,4,3,2.0096509441439089536,3.602839708174533976,0.34730273127770009355,0.6040706678185481,0.3181064493188271
29.240557629999785,True,2,312,254,2,5,2.0096509441439089536,3.602839708174533976,0.34730273127770009355,0.6052650186668608,0.3116341096212315
29.267582032000064,True,1,318,241,1,2,2.0096509441439089536,3.602839708174533976,0.34730273127770009355,0.5973701624950811,0.27518855110933627
29.267824282999754,True,2,318,239,7,6,2.0096509441439089536,3.602839708174533976,0.34730273127770009355,0.5947045964378432,0.2764780386033842
29.267977623999286,True,3,320,239,1,1,2.0096509441439089536,3.602839708174533976,0.34730273127770009355,0.5958666315767747,0.26986679957739795
29.34060010399935,True,1,330,216,6,6,2.0096509441439089536,3.602839708174533976,0.34730273127770009355,0.5772927258317293,0.2165842751245771
29.340937158000088,True,2,329,216,1,1,2.0096509441439089536,3.602839708174533976,0.34730273127770009355,0.5823061885542221,0.21095271983076516
29.367314166999677,True,1,334,206,8,8,2.0096509441439089536,3.602839708174533976,0.34730273127770009355,0.570338248592981,0.19381321639604474
29.36760845899971,True,2,336,209,3,3,2.0096509441439089536,3.602839708174533976,0.34730273127770009355,0.571604735617437,0.19412001178711197
29.367862077999234,True,3,338,204,1,1,2.0096509441439089536,3.602839708174533976,0.34730273127770009355,0.5699651085500808,0.17978636415422206
29.440659424999467,True,1,357,207,1,1,2.0096509441439089536,3.602839708174533976,0.34730273127770009355,0.5470199360774859,0.1816189731172727
29.440970722999737,True,2,358,203,1,2,2.0096509441439089536,3.602839708174533976,0.34730273127770009355,0.544453575607095,0.1722416284116359
29.441131494999354,True,3,351,199,1,1,2.0096509441439089536,3.602839708174533976,0.34730273127770009355,0.553668272042016,0.1650905066367923
29.441285238999626,True,4,348,198,10,8,2.0096509441439089536,3.602839708174533976,0.34730273127770009355,0.552707029388146,0.17391175544587417
29.44143703000009,True,5,352,203,4,3,2.0096509441439089536,3.602839708174533976,0.34730273127770009355,0.5516314934885104,0.17817122285169804
29.471687842999927,True,1,358,207,1,1,2.0096509441439089536,3.602839708174533976,0.34730273127770009355,0.5458490828278728,0.18136008037092266
29.471966443999918,True,2,356,198,9,11,2.0096509441439089536,3.602839708174533976,0.34730273127770009355,0.5420791908321996,0.1695686658657186
29.472120863999407,True,3,360,203,3,3,2.0096509441439089536,3.602839708174533976,0.34730273127770009355,0.5421928470881271,0.1739811966762878
29.472268038999573,True,4,356,202,3,3,2.0096509441439089536,3.602839708174533976,0.34730273127770009355,0.546789015467739,0.17271260909886993
29.47242463999919,True,5,359,201,3,3,2.0096509441439089536,3.602839708174533976,0.34730273127770009355,0.5432355300552171,0.16979550046044706
29.472565303999545,True,6,360,200,3,3,2.0096509441439089536,3.602839708174533976,0.34730273127770009355,0.5420223787861029,0.16736073876090715
29.47272050799984,True,7,357,200,3,3,2.0096509441439089536,3.602839708174533976,0.34730273127770009355,0.5455040981458112,0.16802776311196949
29.539607271000023,True,1,376,221,1,2,2.0096509441439089536,3.602839708174533976,0.34730273127770009355,0.5251821897095693,0.20619075616171298
29.53996449999977,True,2,376,219,1,2,2.0096509441439089536,3.602839708174533976,0.34730273127770009355,0.5250748928392863,0.20199022575176911
29.540136211999197,True,3,370,213,7,12,2.0096509441439089536,3.602839708174533976,0.34730273127770009355,0.5260050192151529,0.19596120339563675
29.540274940999552,True,4,372,216,3,3,2.0096509441439089536,3.602839708174533976,0.34730273127770009355,0.5293572173465,0.19893902964611723
29.540418493999823,True,5,378,213,3,3,2.0096509441439089536,3.602839708174533976,0.34730273127770009355,0.5226378977311802,0.19092826074505748
29.540560403999734,True,6,373,211,2,4,2.0096509441439089536,3.602839708174533976,0.34730273127770009355,0.5268841566109432,0.18777184022745147
29.563939633999325,True,1,380,224,8,8,2.0096509441439089536,3.602839708174533976,0.34730273127770009355,0.5180179254478726,0.21850236819177515
29.6452777709992,True,1,398,261,3,2,2.0096509441439089536,3.602839708174533976,0.34730273127770009355,0.5041951678960775,0.2804116819679209
29.665571088999968,True,1,404,284,1,2,2.0096509441439089536,3.602839708174533976,0.34730273127770009355,0.49926385427083575,0.3193239865345126
29.734645624999757,True,1,414,330,14,8,2.0096509441439089536,3.602839708174533976,0.34730273127770009355,0.4891282777400692,0.40657611636839025
29.7348888409997,True,2,414,333,3,3,2.0096509441439089536,3.602839708174533976,0.34730273127770009355,0.49187269694346986,0.40343039078342857
29.735048237999763,True,3,419,331,3,3,2.0096509441439089536,3.602839708174533976,0.34730273127770009355,0.48698682516856817,0.3966339417461503
29.735182288000033,True,4,414,330,3,3,2.0096509441439089536,3.602839708174533976,0.34730273127770009355,0.4917298998075818,0.3982169771481852
29.771532912999646,True,1,420,373,1,1,2.0096509441439089536,3.602839708174533976,0.34730273127770009355,0.48891038079902427,0.4654622702820564
29.77179283499936,True,2,427,371,1,1,2.0096509441439089536,3.602839708174533976,0.34730273127770009355,0.48220666312366867,0.45688158887394076
29.77195169799961,True,3,421,369,3,2,2.0096509441439089536,3.602839708174533976,0.34730273127770009355,0.4868641113997971,0.45902716101845525
29.77210665899929,True,4,420,367,1,1,2.0096509441439089536,3.602839708174533976,0.34730273127770009355,0.488628012944353,0.4556247335448703
29.77225570599967,True,5,420,358,18,8,2.0096509441439089536,3.602839708174533976,0.34730273127770009355,0.484833540339249,0.452614595534298
29.772425817999647,True,6,425,364,3,3,2.0096509441439089536,3.602839708174533976,0.34730273127770009355,0.48286452062550644,0.44786112547699597
29.837411743999837,True,1,433,439,3,3,2.0096509441439089536,3.602839708174533976,0.34730273127770009355,0.4788683167879663,0.5569530071605636
29.83767007499955,True,2,433,436,2,3,2.0096509441439089536,3.602839708174533976,0.34730273127770009355,0.47873238996202566,0.5526004864132457
29.86656602399944,True,1,436,477,3,2,2.0096509441439089536,3.602839708174533976,0.34730273127770009355,0.4778308001718636,0.6075017887030467
29.866795667999213,True,2,440,476,2,2,2.0096509441439089536,3.602839708174533976,0.34730273127770009355,0.4741444335760199,0.6024608715347068
29.866949381999802,True,3,438,476,1,1,2.0096509441439089536,3.602839708174533976,0.34730273127770009355,0.4768255577156286,0.6038610522351402
29.867057607999413,True,4,441,474,1,1,2.0096509441439089536,3.602839708174533976,0.34730273127770009355,0.47401097181684776,0.5983925439113954
29.867182768999555,True,5,434,467,1,1,2.0096509441439089536,3.602839708174533976,0.34730273127770009355,0.4800948689004816,0.5951977151605564
29.86729479599944,True,6,434,466,10,7,2.0096509441439089536,3.602839708174533976,0.34730273127770009355,0.4775150142509879,0.5979534067213718
29.86742925499948,True,7,437,468,5,4,2.0096509441439089536,3.602839708174533976,0.34730273127770009355,0.47564511272199317,0.5947527607280854
29.867552314000022,True,8,434,464,1,1,2.0096509441439089536,3.602839708174533976,0.34730273127770009355,0.4799582993256187,0.5910308467732694
29.867674184999487,True,9,434,460,3,6,2.0096509441439089536,3.602839708174533976,0.34730273127770009355,0.4770645591302147,0.5841206496711154
30.145063368999217,True,1,481,467,1,1,2.0096509441439089536,3.602839708174533976,0.34730273127770009355,0.43999340640872786,0.5550089228538438
30.145383315999425,True,2,483,466,1,1,2.0096509441439089536,3.602839708174533976,0.34730273127770009355,0.4383869089997806,0.5521139071798654
30.14563163099956,True,3,479,458,10,9,2.0096509441439089536,3.602839708174533976,0.34730273127770009355,0.4382715510798587,0.5481623853899638
30.145797320999918,True,4,480,461,3,3,2.0096509441439089536,3.602839708174533976,0.34730273127770009355,0.43979985573956637,0.548408163312738
30.163716585999282,True,1,490,445,1,4,2.0096509441439089536,3.602839708174533976,0.34730273127770009355,0.43067680692384486,0.5174104609829853
30.164043902999765,True,2,486,440,12,12,2.0096509441439089536,3.602839708174533976,0.34730273127770009355,0.43071401510737317,0.5187482701576301
30.164283127999624,True,3,489,448,3,4,2.0096509441439089536,3.602839708174533976,0.34730273127770009355,0.43158315510358786,0.5234915615531197
30.164490533999924,True,4,492,447,3,3,2.0096509441439089536,3.602839708174533976,0.34730273127770009355,0.4300335810234108,0.5206819231244609
30.246314848999646,True,1,511,427,1,1,2.0096509441439089536,3.602839708174533976,0.34730273127770009355,0.41612505630930696,0.4800765824414377
30.246605352999723,True,2,500,416,12,14,2.0096509441439089536,3.602839708174533976,0.34730273127770009355,0.41880066126688503,0.47599611115281715
30.246745800999634,True,3,510,420,3,3,2.0096509441439089536,3.602839708174533976,0.34730273127770009355,0.4159158863759505,0.4720223644116724
30.246963363999384,True,4,505,419,3,3,2.0096509441439089536,3.602839708174533976,0.34730273127770009355,0.4194480730601237,0.4739462864036772
30.247130271999595,True,5,504,418,7,8,2.0096509441439089536,3.602839708174533976,0.34730273127770009355,0.41804955474536676,0.4739845202333
30.247261490999335,True,6,506,416,3,3,2.0096509441439089536,3.602839708174533976,0.34730273127770009355,0.4186242236390179,0.4692129887627638
30.26714135399925,True,1,508,407,13,14,2.0096509441439089536,3.602839708174533976,0.34730273127770009355,0.4128276613666465,0.45866309753436607
30.2673196249998,True,2,511,416,3,3,2.0096509441439089536,3.602839708174533976,0.34730273127770009355,0.41507032320048437,0.46597799458587774
30.267424996000045,True,3,514,415,3,3,2.0096509441439089536,3.602839708174533976,0.34730273127770009355,0.41293076340202844,0.4627142644199478
30.267539043999932,True,4,512,415,3,3,2.0096509441439089536,3.602839708174533976,0.34730273127770009355,0.4143317547630399,0.4639863432866267
30.26763785899948,True,5,510,414,4,3,2.0096509441439089536,3.602839708174533976,0.34730273127770009355,0.4157417293041607,0.46526652629054766
30.26772465399972,True,6,508,412,4,4,2.0096509441439089536,3.602839708174533976,0.34730273127770009355,0.416380262607858,0.463192631266014
30.26781040900005,True,7,511,411,6,5,2.0096509441439089536,3.602839708174533976,0.34730273127770009355,0.4142625745161025,0.46128001178003647
30.26789489099974,True,8,514,409,8,6,2.0096509441439089536,3.602839708174533976,0.34730273127770009355,0.4114362273473696,0.45740969599027154
30.267984152999816,True,9,509,409,3,3,2.0096509441439089536,3.602839708174533976,0.34730273127770009355,0.41624063288371016,0.45773946027519924
30.26806918300008,True,10,511,408,4,3,2.0096509441439089536,3.602839708174533976,0.34730273127770009355,0.41482747422205063,0.4564768195000462
30.34226345099978,True,1,530,415,1,3,2.0096509441439089536,3.602839708174533976,0.34730273127770009355,0.40200411221682514,0.45149990707584925
30.342521114999727,True,2,526,413,1,1,2.0096509441439089536,3.602839708174533976,0.34730273127770009355,0.4052827736606128,0.45186636687571674
30.342650956999933,True,3,537,411,1,1,2.0096509441439089536,3.602839708174533976,0.34730273127770009355,0.39793011158497826,0.44266849301668726
30.342784622999716,True,4,525,411,1,1,2.0096509441439089536,3.602839708174533976,0.34730273127770009355,0.40589132580175236,0.44980156567588936
30.342995615999826,True,5,537,408,1,1,2.0096509441439089536,3.602839708174533976,0.34730273127770009355,0.3978339703514806,0.43871103398293293
30.343144357999336,True,6,523,408,2,2,2.0096509441439089536,3.602839708174533976,0.34730273127770009355,0.40650160631095705,0.4477256693777359
30.343286489999628,True,7,523,400,14,15,2.0096509441439089536,3.602839708174533976,0.34730273127770009355,0.40240685547098354,0.4414685935028653
30.343438964999223,True,8,530,407,5,4,2.0096509441439089536,3.602839708174533976,0.34730273127770009355,0.4011459908492777,0.44295393704241176
30.3435839269996,True,9,527,406,3,3,2.0096509441439089536,3.602839708174533976,0.34730273127770009355,0.40374111598416307,0.44265066712457063
30.365581163999195,True,1,541,415,1,1,2.0096509441439089536,3.602839708174533976,0.34730273127770009355,0.39546836949166425,0.44557882277658406
30.36581376199956,True,2,543,414,2,1,2.0096509441439089536,3.602839708174533976,0.34730273127770009355,0.39418530838057303,0.44441629203714383
30.36604586699923,True,3,529,410,4,3,2.0096509441439089536,3.602839708174533976,0.34730273127770009355,0.4025706191831277,0.4481254544459992
30.366292172999238,True,4,528,408,1,1,2.0096509441439089536,3.602839708174533976,0.34730273127770009355,0.4037740641995002,0.44398848135869146
30.366484348000085,True,5,530,402,14,14,2.0096509441439089536,3.602839708174533976,0.34730273127770009355,0.3978660125424179,0.44003159130885844
30.366629264999574,True,6,539,410,3,3,2.0096509441439089536,3.602839708174533976,0.34730273127770009355,0.39598579921686333,0.4409263629933913
30.432701295999323,True,1,555,418,1,1,2.0096509441439089536,3.602839708174533976,0.34730273127770009355,0.3867408720625824,0.4414257645911593
30.43299502699938,True,2,542,416,6,12,2.0096509441439089536,3.602839708174533976,0.34730273127770009355,0.39113598818388035,0.44670153941718516
30.470493434999298,True,1,554,407,3,5,2.0096509441439089536,3.602839708174533976,0.34730273127770009355,0.3858224447511257,0.4280400198873613
31.370346013000017,True,1,561,194,1,1,2.0096509441439089536,3.602839708174533976,0.34730273127770009355,0.3765021301444008,0.12800079706415643
31.370656456999313,True,2,559,193,1,1,2.0096509441439089536,3.602839708174533976,0.34730273127770009355,0.3776488847274187,0.1266898890981394
31.53954962699936,True,1,406,290,1,1,2.0096509441439089536,3.602839708174533976,0.34730273127770009355,0.49856439984996537,0.32996641723159514
31.539777033000064,True,2,408,288,1,1,2.0096509441439089536,3.602839708174533976,0.34730273127770009355,0.4964919202577402,0.3251694213001176
31.648665011999583,True,1,481,329,1,1,2.0096509441439089536,3.602839708174533976,0.34730273127770009355,0.4347092460702537,0.35625963676156064
39.64294205099941,True,1,281,78,1,1,2.0096509441439089536,3.602839708174533976,0.34730273127770009355,0.6411080073377154,-0.15358865609069539
